observer-safety	Set up job	﻿2026-09-21T05:56:11.6338917Z Current runner version: '2.337.0'
observer-safety	Set up job	2026-09-21T05:56:11.6377772Z ##[group]Runner Image Provisioner
observer-safety	Set up job	2026-09-21T05:56:11.6379112Z Hosted Compute Agent
observer-safety	Set up job	2026-09-21T05:56:11.6380083Z Version: 20260828.587
observer-safety	Set up job	2026-09-21T05:56:11.6381229Z Commit: abac92662cab4cc7352de4f9f9d2e2419aad9c29
observer-safety	Set up job	2026-09-21T05:56:11.6382527Z Build Date: 2026-08-28T16:44:25Z
observer-safety	Set up job	2026-09-21T05:56:11.6383777Z Worker ID: {8d12f418-bdf1-4e3e-bbec-10a4645dc7d8}
observer-safety	Set up job	2026-09-21T05:56:11.6385084Z Azure Region: eastus2
observer-safety	Set up job	2026-09-21T05:56:11.6386403Z ##[endgroup]
observer-safety	Set up job	2026-09-21T05:56:11.6389000Z ##[group]Operating System
observer-safety	Set up job	2026-09-21T05:56:11.6390088Z Ubuntu
observer-safety	Set up job	2026-09-21T05:56:11.6391081Z 24.04.5
observer-safety	Set up job	2026-09-21T05:56:11.6391875Z LTS
observer-safety	Set up job	2026-09-21T05:56:11.6392708Z ##[endgroup]
observer-safety	Set up job	2026-09-21T05:56:11.6393750Z ##[group]Runner Image
observer-safety	Set up job	2026-09-21T05:56:11.6394706Z Image: ubuntu-24.04
observer-safety	Set up job	2026-09-21T05:56:11.6395993Z Version: 20260907.300.1
observer-safety	Set up job	2026-09-21T05:56:11.6397977Z Included Software: https://github.com/actions/runner-images/blob/ubuntu24/20260907.300/images/ubuntu/Ubuntu2404-Readme.md
observer-safety	Set up job	2026-09-21T05:56:11.6401445Z Image Release: https://github.com/actions/runner-images/releases/tag/ubuntu24%2F20260907.300
observer-safety	Set up job	2026-09-21T05:56:11.6403113Z ##[endgroup]
observer-safety	Set up job	2026-09-21T05:56:11.6405071Z ##[group]GITHUB_TOKEN Permissions
observer-safety	Set up job	2026-09-21T05:56:11.6408263Z Contents: read
observer-safety	Set up job	2026-09-21T05:56:11.6409279Z Metadata: read
observer-safety	Set up job	2026-09-21T05:56:11.6410227Z ##[endgroup]
observer-safety	Set up job	2026-09-21T05:56:11.6413207Z Secret source: Actions
observer-safety	Set up job	2026-09-21T05:56:11.6414788Z Cache mode: write
observer-safety	Set up job	2026-09-21T05:56:11.6416704Z Prepare workflow directory
observer-safety	Set up job	2026-09-21T05:56:11.6872880Z Prepare all required actions
observer-safety	Set up job	2026-09-21T05:56:11.6921107Z Getting action download info
observer-safety	Set up job	2026-09-21T05:56:11.8668702Z Download action repository 'actions/checkout@v4' (SHA:11d5960a326750d5838078e36cf38b85af677262)
observer-safety	Set up job	2026-09-21T05:56:11.9656414Z Download action repository 'actions/upload-artifact@v4' (SHA:ea165f8d65b6e75b540449e92b4886f43607fa02)
observer-safety	Set up job	2026-09-21T05:56:12.1767667Z Complete job name: observer-safety
observer-safety	Run actions/checkout@v4	﻿2026-09-21T05:56:12.2549616Z Node 20 is being deprecated. This workflow is running with Node 24 by default. If you need to temporarily use Node 20, you can set the ACTIONS_ALLOW_USE_UNSECURE_NODE_VERSION=true environment variable. For more information see: https://github.blog/changelog/2025-09-19-deprecation-of-node-20-on-github-actions-runners/
observer-safety	Run actions/checkout@v4	2026-09-21T05:56:12.2558656Z ##[group]Run actions/checkout@v4
observer-safety	Run actions/checkout@v4	2026-09-21T05:56:12.2559428Z with:
observer-safety	Run actions/checkout@v4	2026-09-21T05:56:12.2559855Z   clean: false
observer-safety	Run actions/checkout@v4	2026-09-21T05:56:12.2560319Z   persist-credentials: false
observer-safety	Run actions/checkout@v4	2026-09-21T05:56:12.2560847Z   repository: ChuenSan/xiaomi10s
observer-safety	Run actions/checkout@v4	2026-09-21T05:56:12.2564610Z   token: ***
observer-safety	Run actions/checkout@v4	2026-09-21T05:56:12.2565045Z   ssh-strict: true
observer-safety	Run actions/checkout@v4	2026-09-21T05:56:12.2565698Z   ssh-user: git
observer-safety	Run actions/checkout@v4	2026-09-21T05:56:12.2566157Z   sparse-checkout-cone-mode: true
observer-safety	Run actions/checkout@v4	2026-09-21T05:56:12.2566741Z   fetch-depth: 1
observer-safety	Run actions/checkout@v4	2026-09-21T05:56:12.2567175Z   fetch-tags: false
observer-safety	Run actions/checkout@v4	2026-09-21T05:56:12.2567623Z   show-progress: true
observer-safety	Run actions/checkout@v4	2026-09-21T05:56:12.2568073Z   lfs: false
observer-safety	Run actions/checkout@v4	2026-09-21T05:56:12.2568502Z   submodules: false
observer-safety	Run actions/checkout@v4	2026-09-21T05:56:12.2569009Z   set-safe-directory: true
observer-safety	Run actions/checkout@v4	2026-09-21T05:56:12.2569530Z   allow-unsafe-pr-checkout: false
observer-safety	Run actions/checkout@v4	2026-09-21T05:56:12.2570343Z ##[endgroup]
observer-safety	Run actions/checkout@v4	2026-09-21T05:56:12.3570970Z Syncing repository: ChuenSan/xiaomi10s
observer-safety	Run actions/checkout@v4	2026-09-21T05:56:12.3572856Z ##[group]Getting Git version info
observer-safety	Run actions/checkout@v4	2026-09-21T05:56:12.3573667Z Working directory is '/home/runner/work/xiaomi10s/xiaomi10s'
observer-safety	Run actions/checkout@v4	2026-09-21T05:56:12.3574681Z [command]/usr/bin/git version
observer-safety	Run actions/checkout@v4	2026-09-21T05:56:12.3648456Z git version 2.55.0
observer-safety	Run actions/checkout@v4	2026-09-21T05:56:12.3687492Z ##[endgroup]
observer-safety	Run actions/checkout@v4	2026-09-21T05:56:12.3704924Z Temporarily overriding HOME='/home/runner/work/_temp/6a779725-cebf-4c9f-b828-6b443763d1e3' before making global git config changes
observer-safety	Run actions/checkout@v4	2026-09-21T05:56:12.3707765Z Adding repository directory to the temporary git global config as a safe directory
observer-safety	Run actions/checkout@v4	2026-09-21T05:56:12.3711045Z [command]/usr/bin/git config --global --add safe.directory /home/runner/work/xiaomi10s/xiaomi10s
observer-safety	Run actions/checkout@v4	2026-09-21T05:56:12.3767809Z Deleting the contents of '/home/runner/work/xiaomi10s/xiaomi10s'
observer-safety	Run actions/checkout@v4	2026-09-21T05:56:12.3772256Z ##[group]Initializing the repository
observer-safety	Run actions/checkout@v4	2026-09-21T05:56:12.3777649Z [command]/usr/bin/git init /home/runner/work/xiaomi10s/xiaomi10s
observer-safety	Run actions/checkout@v4	2026-09-21T05:56:12.3903742Z hint: Using 'master' as the name for the initial branch. This default branch name
observer-safety	Run actions/checkout@v4	2026-09-21T05:56:12.3904979Z hint: will change to "main" in Git 3.0. To configure the initial branch name
observer-safety	Run actions/checkout@v4	2026-09-21T05:56:12.3906213Z hint: to use in all of your new repositories, which will suppress this warning,
observer-safety	Run actions/checkout@v4	2026-09-21T05:56:12.3906969Z hint: call:
observer-safety	Run actions/checkout@v4	2026-09-21T05:56:12.3907378Z hint:
observer-safety	Run actions/checkout@v4	2026-09-21T05:56:12.3907901Z hint: 	git config --global init.defaultBranch <name>
observer-safety	Run actions/checkout@v4	2026-09-21T05:56:12.3908505Z hint:
observer-safety	Run actions/checkout@v4	2026-09-21T05:56:12.3909093Z hint: Names commonly chosen instead of 'master' are 'main', 'trunk' and
observer-safety	Run actions/checkout@v4	2026-09-21T05:56:12.3910016Z hint: 'development'. The just-created branch can be renamed via this command:
observer-safety	Run actions/checkout@v4	2026-09-21T05:56:12.3910751Z hint:
observer-safety	Run actions/checkout@v4	2026-09-21T05:56:12.3911156Z hint: 	git branch -m <name>
observer-safety	Run actions/checkout@v4	2026-09-21T05:56:12.3911624Z hint:
observer-safety	Run actions/checkout@v4	2026-09-21T05:56:12.3912279Z hint: Disable this message with "git config set advice.defaultBranchName false"
observer-safety	Run actions/checkout@v4	2026-09-21T05:56:12.3917926Z Initialized empty Git repository in /home/runner/work/xiaomi10s/xiaomi10s/.git/
observer-safety	Run actions/checkout@v4	2026-09-21T05:56:12.3928167Z [command]/usr/bin/git remote add origin https://github.com/ChuenSan/xiaomi10s
observer-safety	Run actions/checkout@v4	2026-09-21T05:56:12.3978826Z ##[endgroup]
observer-safety	Run actions/checkout@v4	2026-09-21T05:56:12.3979763Z ##[group]Disabling automatic garbage collection
observer-safety	Run actions/checkout@v4	2026-09-21T05:56:12.3982781Z [command]/usr/bin/git config --local gc.auto 0
observer-safety	Run actions/checkout@v4	2026-09-21T05:56:12.4014111Z ##[endgroup]
observer-safety	Run actions/checkout@v4	2026-09-21T05:56:12.4015137Z ##[group]Setting up auth
observer-safety	Run actions/checkout@v4	2026-09-21T05:56:12.4021770Z [command]/usr/bin/git config --local --name-only --get-regexp core\.sshCommand
observer-safety	Run actions/checkout@v4	2026-09-21T05:56:12.4070008Z [command]/usr/bin/git submodule foreach --recursive sh -c "git config --local --name-only --get-regexp 'core\.sshCommand' && git config --local --unset-all 'core.sshCommand' || :"
observer-safety	Run actions/checkout@v4	2026-09-21T05:56:12.4452363Z [command]/usr/bin/git config --local --name-only --get-regexp http\.https\:\/\/github\.com\/\.extraheader
observer-safety	Run actions/checkout@v4	2026-09-21T05:56:12.4489347Z [command]/usr/bin/git submodule foreach --recursive sh -c "git config --local --name-only --get-regexp 'http\.https\:\/\/github\.com\/\.extraheader' && git config --local --unset-all 'http.https://github.com/.extraheader' || :"
observer-safety	Run actions/checkout@v4	2026-09-21T05:56:12.4714674Z [command]/usr/bin/git config --local --name-only --get-regexp ^includeIf\.gitdir:
observer-safety	Run actions/checkout@v4	2026-09-21T05:56:12.4750531Z [command]/usr/bin/git submodule foreach --recursive git config --local --show-origin --name-only --get-regexp remote.origin.url
observer-safety	Run actions/checkout@v4	2026-09-21T05:56:12.4973810Z [command]/usr/bin/git config --local http.https://github.com/.extraheader AUTHORIZATION: basic ***
observer-safety	Run actions/checkout@v4	2026-09-21T05:56:12.5013146Z ##[endgroup]
observer-safety	Run actions/checkout@v4	2026-09-21T05:56:12.5014042Z ##[group]Fetching the repository
observer-safety	Run actions/checkout@v4	2026-09-21T05:56:12.5023107Z [command]/usr/bin/git -c protocol.version=2 fetch --no-tags --prune --no-recurse-submodules --depth=1 origin +50493b4ce1c5f7d89cf61c357ecbad12c1ebb72b:refs/remotes/origin/route-b-slot-b-continuation
observer-safety	Run actions/checkout@v4	2026-09-21T05:56:14.1425108Z From https://github.com/ChuenSan/xiaomi10s
observer-safety	Run actions/checkout@v4	2026-09-21T05:56:14.1427666Z  * [new ref]         50493b4ce1c5f7d89cf61c357ecbad12c1ebb72b -> origin/route-b-slot-b-continuation
observer-safety	Run actions/checkout@v4	2026-09-21T05:56:14.1432637Z ##[endgroup]
observer-safety	Run actions/checkout@v4	2026-09-21T05:56:14.1434412Z ##[group]Determining the checkout info
observer-safety	Run actions/checkout@v4	2026-09-21T05:56:14.1436560Z ##[endgroup]
observer-safety	Run actions/checkout@v4	2026-09-21T05:56:14.1440886Z [command]/usr/bin/git sparse-checkout disable
observer-safety	Run actions/checkout@v4	2026-09-21T05:56:14.1503674Z [command]/usr/bin/git config --local --unset-all extensions.worktreeConfig
observer-safety	Run actions/checkout@v4	2026-09-21T05:56:14.1538692Z ##[group]Checking out the ref
observer-safety	Run actions/checkout@v4	2026-09-21T05:56:14.1554003Z [command]/usr/bin/git checkout --progress --force -B route-b-slot-b-continuation refs/remotes/origin/route-b-slot-b-continuation
observer-safety	Run actions/checkout@v4	2026-09-21T05:56:14.5971713Z Switched to a new branch 'route-b-slot-b-continuation'
observer-safety	Run actions/checkout@v4	2026-09-21T05:56:14.5987120Z branch 'route-b-slot-b-continuation' set up to track 'origin/route-b-slot-b-continuation'.
observer-safety	Run actions/checkout@v4	2026-09-21T05:56:14.5994762Z ##[endgroup]
observer-safety	Run actions/checkout@v4	2026-09-21T05:56:14.6045797Z [command]/usr/bin/git log -1 --format=%H
observer-safety	Run actions/checkout@v4	2026-09-21T05:56:14.6074928Z 50493b4ce1c5f7d89cf61c357ecbad12c1ebb72b
observer-safety	Run actions/checkout@v4	2026-09-21T05:56:14.6084694Z ##[group]Removing auth
observer-safety	Run actions/checkout@v4	2026-09-21T05:56:14.6089260Z [command]/usr/bin/git config --local --name-only --get-regexp core\.sshCommand
observer-safety	Run actions/checkout@v4	2026-09-21T05:56:14.6124029Z [command]/usr/bin/git submodule foreach --recursive sh -c "git config --local --name-only --get-regexp 'core\.sshCommand' && git config --local --unset-all 'core.sshCommand' || :"
observer-safety	Run actions/checkout@v4	2026-09-21T05:56:14.6350968Z [command]/usr/bin/git config --local --name-only --get-regexp http\.https\:\/\/github\.com\/\.extraheader
observer-safety	Run actions/checkout@v4	2026-09-21T05:56:14.6381475Z http.https://github.com/.extraheader
observer-safety	Run actions/checkout@v4	2026-09-21T05:56:14.6391424Z [command]/usr/bin/git config --local --unset-all http.https://github.com/.extraheader
observer-safety	Run actions/checkout@v4	2026-09-21T05:56:14.6426239Z [command]/usr/bin/git submodule foreach --recursive sh -c "git config --local --name-only --get-regexp 'http\.https\:\/\/github\.com\/\.extraheader' && git config --local --unset-all 'http.https://github.com/.extraheader' || :"
observer-safety	Run actions/checkout@v4	2026-09-21T05:56:14.6648290Z [command]/usr/bin/git config --local --name-only --get-regexp ^includeIf\.gitdir:
observer-safety	Run actions/checkout@v4	2026-09-21T05:56:14.6679572Z [command]/usr/bin/git submodule foreach --recursive git config --local --show-origin --name-only --get-regexp remote.origin.url
observer-safety	Run actions/checkout@v4	2026-09-21T05:56:14.6899619Z ##[endgroup]
observer-safety	Test Slot B guards and matched reset pair (no device)	﻿2026-09-21T05:56:14.7102567Z ##[group]Run set -euo pipefail
observer-safety	Test Slot B guards and matched reset pair (no device)	2026-09-21T05:56:14.7103044Z ^[[36;1mset -euo pipefail^[[0m
observer-safety	Test Slot B guards and matched reset pair (no device)	2026-09-21T05:56:14.7103623Z ^[[36;1mpython3 -B -m unittest discover -s scripts/slot_b -p 'test_*.py' -v 2>&1 | tee observer-tests.txt^[[0m
observer-safety	Test Slot B guards and matched reset pair (no device)	2026-09-21T05:56:14.7104403Z ^[[36;1msha256sum scripts/slot_b/observe.py scripts/slot_b/test_observe.py > observer-source-sha256.txt^[[0m
observer-safety	Test Slot B guards and matched reset pair (no device)	2026-09-21T05:56:14.7105179Z ^[[36;1mprintf 'SLOT_A_REJECTED=PASS\nSECOND_BOOT_REJECTED=PASS\nDEVICE_OPERATION=NO\n' | tee observer-gate.txt^[[0m
observer-safety	Test Slot B guards and matched reset pair (no device)	2026-09-21T05:56:14.7145864Z shell: /usr/bin/bash -e {0}
observer-safety	Test Slot B guards and matched reset pair (no device)	2026-09-21T05:56:14.7146273Z ##[endgroup]
observer-safety	Test Slot B guards and matched reset pair (no device)	2026-09-21T05:56:15.0826937Z test_adrp_add_literal_collection_derives_each_linked_address (test_checkpoint.CheckpointTests.test_adrp_add_literal_collection_derives_each_linked_address) ... ok
observer-safety	Test Slot B guards and matched reset pair (no device)	2026-09-21T05:56:15.0837457Z test_all_direct_branch_families_use_virtual_pc (test_checkpoint.CheckpointTests.test_all_direct_branch_families_use_virtual_pc) ... ok
observer-safety	Test Slot B guards and matched reset pair (no device)	2026-09-21T05:56:15.0839350Z test_arch_checkpoint_negative_fixtures (test_checkpoint.CheckpointTests.test_arch_checkpoint_negative_fixtures) ... ok
observer-safety	Test Slot B guards and matched reset pair (no device)	2026-09-21T05:56:15.0841582Z test_arch_prefix_covers_topology_backedge_without_ignoring_external_entries (test_checkpoint.CheckpointTests.test_arch_prefix_covers_topology_backedge_without_ignoring_external_entries) ... ok
observer-safety	Test Slot B guards and matched reset pair (no device)	2026-09-21T05:56:15.0843858Z test_compact_poll_preserves_timer_and_terminal_reset (test_checkpoint.CheckpointTests.test_compact_poll_preserves_timer_and_terminal_reset) ... ok
observer-safety	Test Slot B guards and matched reset pair (no device)	2026-09-21T05:56:15.0846235Z test_compact_window_preserves_real_kernel_init_branch_landing (test_checkpoint.CheckpointTests.test_compact_window_preserves_real_kernel_init_branch_landing) ... ok
observer-safety	Test Slot B guards and matched reset pair (no device)	2026-09-21T05:56:15.0848275Z test_composition_changes_only_authorized_window (test_checkpoint.CheckpointTests.test_composition_changes_only_authorized_window) ... ok
observer-safety	Test Slot B guards and matched reset pair (no device)	2026-09-21T05:56:15.0850370Z test_console_literal_deltas_are_two_exact_source_references_only (test_checkpoint.CheckpointTests.test_console_literal_deltas_are_two_exact_source_references_only) ... ok
observer-safety	Test Slot B guards and matched reset pair (no device)	2026-09-21T05:56:15.0852338Z test_core_checkpoint_negative_fixtures (test_checkpoint.CheckpointTests.test_core_checkpoint_negative_fixtures) ... ok
observer-safety	Test Slot B guards and matched reset pair (no device)	2026-09-21T05:56:15.0857345Z test_fs_checkpoint_negative_fixtures (test_checkpoint.CheckpointTests.test_fs_checkpoint_negative_fixtures) ... ok
observer-safety	Test Slot B guards and matched reset pair (no device)	2026-09-21T05:56:15.0859250Z test_fs_complete_core_prefers_proven_56_when_function_fits (test_checkpoint.CheckpointTests.test_fs_complete_core_prefers_proven_56_when_function_fits) ... ok
observer-safety	Test Slot B guards and matched reset pair (no device)	2026-09-21T05:56:15.0861371Z test_fs_complete_literal_delta_accepts_same_string_add_only (test_checkpoint.CheckpointTests.test_fs_complete_literal_delta_accepts_same_string_add_only) ... ok
observer-safety	Test Slot B guards and matched reset pair (no device)	2026-09-21T05:56:15.0863237Z test_fs_encode_b_roundtrip_and_range_fail (test_checkpoint.CheckpointTests.test_fs_encode_b_roundtrip_and_range_fail) ... ok
observer-safety	Test Slot B guards and matched reset pair (no device)	2026-09-21T05:56:15.1289017Z test_fs_island_selector_rejects_live_tramp_overlap (test_checkpoint.CheckpointTests.test_fs_island_selector_rejects_live_tramp_overlap) ... ok
observer-safety	Test Slot B guards and matched reset pair (no device)	2026-09-21T05:56:15.1291353Z test_fs_isolation_control_and_midpoint_gates (test_checkpoint.CheckpointTests.test_fs_isolation_control_and_midpoint_gates) ... ok
observer-safety	Test Slot B guards and matched reset pair (no device)	2026-09-21T05:56:15.1293062Z test_fs_patch_windows_are_disjoint (test_checkpoint.CheckpointTests.test_fs_patch_windows_are_disjoint) ... ok
observer-safety	Test Slot B guards and matched reset pair (no device)	2026-09-21T05:56:15.1295085Z test_fs_post39_design_negative_fixtures (test_checkpoint.CheckpointTests.test_fs_post39_design_negative_fixtures) ... ok
observer-safety	Test Slot B guards and matched reset pair (no device)	2026-09-21T05:56:15.1299347Z test_fs_post46_design_negative_fixtures (test_checkpoint.CheckpointTests.test_fs_post46_design_negative_fixtures) ... ok
observer-safety	Test Slot B guards and matched reset pair (no device)	2026-09-21T05:56:15.1302778Z test_fs_post49_design_negative_fixtures (test_checkpoint.CheckpointTests.test_fs_post49_design_negative_fixtures) ... ok
observer-safety	Test Slot B guards and matched reset pair (no device)	2026-09-21T05:56:15.1306495Z test_fs_post51_design_negative_fixtures (test_checkpoint.CheckpointTests.test_fs_post51_design_negative_fixtures) ... ok
observer-safety	Test Slot B guards and matched reset pair (no device)	2026-09-21T05:56:15.1364903Z test_fs_source_semantics_include_rootfs_in_level5 (test_checkpoint.CheckpointTests.test_fs_source_semantics_include_rootfs_in_level5) ... ok
observer-safety	Test Slot B guards and matched reset pair (no device)	2026-09-21T05:56:15.1368361Z test_fs_upper_half_design_negative_fixtures (test_checkpoint.CheckpointTests.test_fs_upper_half_design_negative_fixtures) ... ok
observer-safety	Test Slot B guards and matched reset pair (no device)	2026-09-21T05:56:15.1377446Z test_initcall_boundary_resolves_unique_prel32_target (test_checkpoint.CheckpointTests.test_initcall_boundary_resolves_unique_prel32_target) ... ok
observer-safety	Test Slot B guards and matched reset pair (no device)	2026-09-21T05:56:15.1379727Z test_initcall_literal_delta_requires_exact_code_and_source_text (test_checkpoint.CheckpointTests.test_initcall_literal_delta_requires_exact_code_and_source_text) ... ok
observer-safety	Test Slot B guards and matched reset pair (no device)	2026-09-21T05:56:15.1382130Z test_initcall_prefix_covers_backedge_without_ignoring_external_entries (test_checkpoint.CheckpointTests.test_initcall_prefix_covers_backedge_without_ignoring_external_entries) ... ok
observer-safety	Test Slot B guards and matched reset pair (no device)	2026-09-21T05:56:15.1384424Z test_interior_entry_from_outside_is_rejected_in_va_space (test_checkpoint.CheckpointTests.test_interior_entry_from_outside_is_rejected_in_va_space) ... ok
observer-safety	Test Slot B guards and matched reset pair (no device)	2026-09-21T05:56:15.1386840Z test_literal_reference_collection_keeps_each_image_address (test_checkpoint.CheckpointTests.test_literal_reference_collection_keeps_each_image_address) ... ok
observer-safety	Test Slot B guards and matched reset pair (no device)	2026-09-21T05:56:15.1388722Z test_pair_changes_only_delay_immediate (test_checkpoint.CheckpointTests.test_pair_changes_only_delay_immediate) ... ok
observer-safety	Test Slot B guards and matched reset pair (no device)	2026-09-21T05:56:15.1390382Z test_relr_advances_all_63_bitmap_positions (test_checkpoint.CheckpointTests.test_relr_advances_all_63_bitmap_positions) ... ok
observer-safety	Test Slot B guards and matched reset pair (no device)	2026-09-21T05:56:15.1392293Z test_runtime_dtb_cannot_advertise_an_external_initrd (test_checkpoint.CheckpointTests.test_runtime_dtb_cannot_advertise_an_external_initrd) ... ok
observer-safety	Test Slot B guards and matched reset pair (no device)	2026-09-21T05:56:15.1394334Z test_smp_literal_delta_requires_exact_code_and_source_text (test_checkpoint.CheckpointTests.test_smp_literal_delta_requires_exact_code_and_source_text) ... ok
observer-safety	Test Slot B guards and matched reset pair (no device)	2026-09-21T05:56:15.1396497Z test_subsys52_core_is_proven_56_without_daifset (test_checkpoint.CheckpointTests.test_subsys52_core_is_proven_56_without_daifset) ... ok
observer-safety	Test Slot B guards and matched reset pair (no device)	2026-09-21T05:56:15.1398458Z test_subsys_checkpoint_negative_fixtures (test_checkpoint.CheckpointTests.test_subsys_checkpoint_negative_fixtures) ... ok
observer-safety	Test Slot B guards and matched reset pair (no device)	2026-09-21T05:56:15.1400595Z test_subsys_fs_literal_delta_requires_exact_debug_enabled_string (test_checkpoint.CheckpointTests.test_subsys_fs_literal_delta_requires_exact_debug_enabled_string) ... ok
observer-safety	Test Slot B guards and matched reset pair (no device)	2026-09-21T05:56:15.1402980Z test_subsys_window_is_derived_from_target_cfg_not_arch_160b (test_checkpoint.CheckpointTests.test_subsys_window_is_derived_from_target_cfg_not_arch_160b) ... ok
observer-safety	Test Slot B guards and matched reset pair (no device)	2026-09-21T05:56:15.1405187Z test_ultracompact_core_and_literal_delta_are_exact (test_checkpoint.CheckpointTests.test_ultracompact_core_and_literal_delta_are_exact) ... ok
observer-safety	Test Slot B guards and matched reset pair (no device)	2026-09-21T05:56:15.1407438Z test_exact_scoped_windows (test_deferred_probe_checkpoints.DeferredCheckpointTests.test_exact_scoped_windows) ... ok
observer-safety	Test Slot B guards and matched reset pair (no device)	2026-09-21T05:56:15.1409608Z test_frozen_entry_and_alternative_windows_are_disjoint (test_deferred_probe_checkpoints.DeferredCheckpointTests.test_frozen_entry_and_alternative_windows_are_disjoint) ... ok
observer-safety	Test Slot B guards and matched reset pair (no device)	2026-09-21T05:56:15.4779965Z test_member_mutations_and_sibling_rejection (test_deferred_probe_checkpoints.DeferredCheckpointTests.test_member_mutations_and_sibling_rejection) ... ok
observer-safety	Test Slot B guards and matched reset pair (no device)	2026-09-21T05:56:15.4782437Z test_no_device_commands_or_deletion (test_deferred_probe_checkpoints.DeferredCheckpointTests.test_no_device_commands_or_deletion) ... ok
observer-safety	Test Slot B guards and matched reset pair (no device)	2026-09-21T05:56:32.2767632Z test_pair_delay_only_and_identity_rejection (test_deferred_probe_checkpoints.DeferredCheckpointTests.test_pair_delay_only_and_identity_rejection) ... ok
observer-safety	Test Slot B guards and matched reset pair (no device)	2026-09-21T05:56:32.2772634Z test_source_contract_and_negative_fixtures (test_deferred_probe_checkpoints.DeferredCheckpointTests.test_source_contract_and_negative_fixtures) ... ok
observer-safety	Test Slot B guards and matched reset pair (no device)	2026-09-21T05:56:32.2774613Z test_unknown_scope_rejected (test_deferred_probe_checkpoints.DeferredCheckpointTests.test_unknown_scope_rejected) ... ok
observer-safety	Test Slot B guards and matched reset pair (no device)	2026-09-21T05:56:32.2811481Z test_cross_identity_and_mutant_rejection (test_deferred_probe_observer.DeferredObserverTests.test_cross_identity_and_mutant_rejection) ... ok
observer-safety	Test Slot B guards and matched reset pair (no device)	2026-09-21T05:56:32.2838767Z test_each_new_case_rejects_slot_a_and_second_boot (test_deferred_probe_observer.DeferredObserverTests.test_each_new_case_rejects_slot_a_and_second_boot) ... ok
observer-safety	Test Slot B guards and matched reset pair (no device)	2026-09-21T05:56:32.2840872Z test_independent_identity_registry_agreement (test_deferred_probe_observer.DeferredObserverTests.test_independent_identity_registry_agreement) ... ok
observer-safety	Test Slot B guards and matched reset pair (no device)	2026-09-21T05:56:32.2845009Z test_strong_and_no_shift_boundaries (test_deferred_probe_observer.DeferredObserverTests.test_strong_and_no_shift_boundaries) ... ok
observer-safety	Test Slot B guards and matched reset pair (no device)	2026-09-21T05:56:32.2860546Z test_corrupt_or_colliding_registration_blocks_launch (test_deferred_selected_observer.SelectedObserverTests.test_corrupt_or_colliding_registration_blocks_launch) ... ok
observer-safety	Test Slot B guards and matched reset pair (no device)	2026-09-21T05:56:32.2881816Z test_cross_family_hash_and_size_rejection (test_deferred_selected_observer.SelectedObserverTests.test_cross_family_hash_and_size_rejection) ... ok
observer-safety	Test Slot B guards and matched reset pair (no device)	2026-09-21T05:56:32.2894734Z test_freeze_geometry_and_authority_mutants_rejected (test_deferred_selected_observer.SelectedObserverTests.test_freeze_geometry_and_authority_mutants_rejected) ... ok
observer-safety	Test Slot B guards and matched reset pair (no device)	2026-09-21T05:56:32.2910029Z test_incomplete_freeze_blocks_both_launches_and_verdicts (test_deferred_selected_observer.SelectedObserverTests.test_incomplete_freeze_blocks_both_launches_and_verdicts) ... ok
observer-safety	Test Slot B guards and matched reset pair (no device)	2026-09-21T05:56:32.2918899Z test_invalid_records_reject_both_members (test_deferred_selected_observer.SelectedObserverTests.test_invalid_records_reject_both_members) ... ok
observer-safety	Test Slot B guards and matched reset pair (no device)	2026-09-21T05:56:32.2923462Z test_missing_mismatched_and_reversed_references_rejected (test_deferred_selected_observer.SelectedObserverTests.test_missing_mismatched_and_reversed_references_rejected) ... ok
observer-safety	Test Slot B guards and matched reset pair (no device)	2026-09-21T05:56:32.2925582Z test_negative_return_cluster_does_not_prove_selection (test_deferred_selected_observer.SelectedObserverTests.test_negative_return_cluster_does_not_prove_selection) ... ok
observer-safety	Test Slot B guards and matched reset pair (no device)	2026-09-21T05:56:32.2928960Z test_only_matched_pair_grades_prefix_and_never_later_operations (test_deferred_selected_observer.SelectedObserverTests.test_only_matched_pair_grades_prefix_and_never_later_operations) ... ok
observer-safety	Test Slot B guards and matched reset pair (no device)	2026-09-21T05:56:32.2930726Z test_real_frozen_identity_registry_agreement (test_deferred_selected_observer.SelectedObserverTests.test_real_frozen_identity_registry_agreement) ... ok
observer-safety	Test Slot B guards and matched reset pair (no device)	2026-09-21T05:56:32.2963579Z test_reference_validation_precedes_device_commands (test_deferred_selected_observer.SelectedObserverTests.test_reference_validation_precedes_device_commands) ... ok
observer-safety	Test Slot B guards and matched reset pair (no device)	2026-09-21T05:56:32.2966084Z test_selected_context_requires_origin_and_verified_protection (test_deferred_selected_observer.SelectedObserverTests.test_selected_context_requires_origin_and_verified_protection) ... ok
observer-safety	Test Slot B guards and matched reset pair (no device)	2026-09-21T05:56:32.2976376Z test_slot_a_and_second_boot_rejected_before_spawn (test_deferred_selected_observer.SelectedObserverTests.test_slot_a_and_second_boot_rejected_before_spawn) ... ok
observer-safety	Test Slot B guards and matched reset pair (no device)	2026-09-21T05:56:32.2989235Z test_actions_repository_and_authority_guards (test_deferred_selected_probe.SelectedBoundaryTests.test_actions_repository_and_authority_guards) ... ok
observer-safety	Test Slot B guards and matched reset pair (no device)	2026-09-21T05:56:32.2998716Z test_bundle_freezes_every_file_and_reconciled_provenance (test_deferred_selected_probe.SelectedBoundaryTests.test_bundle_freezes_every_file_and_reconciled_provenance) ... ok
observer-safety	Test Slot B guards and matched reset pair (no device)	2026-09-21T05:56:32.3001902Z test_exception_abi_uses_its_own_fixup_field (test_deferred_selected_probe.SelectedBoundaryTests.test_exception_abi_uses_its_own_fixup_field) ... ok
observer-safety	Test Slot B guards and matched reset pair (no device)	2026-09-21T05:56:32.3005867Z test_exception_fixup_destination_closes_shared_fault_only_gap (test_deferred_selected_probe.SelectedBoundaryTests.test_exception_fixup_destination_closes_shared_fault_only_gap) ... ok
observer-safety	Test Slot B guards and matched reset pair (no device)	2026-09-21T05:56:32.3233178Z test_incoming_scan_rejects_prefix_window_and_tail_bypasses (test_deferred_selected_probe.SelectedBoundaryTests.test_incoming_scan_rejects_prefix_window_and_tail_bypasses) ... ok
observer-safety	Test Slot B guards and matched reset pair (no device)	2026-09-21T05:56:32.3236000Z test_original_window_and_every_opcode_are_frozen (test_deferred_selected_probe.SelectedBoundaryTests.test_original_window_and_every_opcode_are_frozen) ... ok
observer-safety	Test Slot B guards and matched reset pair (no device)	2026-09-21T05:56:32.3242015Z test_pac_frame_mutex_empty_branch_and_device_load_are_exact (test_deferred_selected_probe.SelectedBoundaryTests.test_pac_frame_mutex_empty_branch_and_device_load_are_exact) ... ok
observer-safety	Test Slot B guards and matched reset pair (no device)	2026-09-21T05:56:32.3248482Z test_proven_core_has_no_terminal_escape_or_extra_dereference (test_deferred_selected_probe.SelectedBoundaryTests.test_proven_core_has_no_terminal_escape_or_extra_dereference) ... ok
observer-safety	Test Slot B guards and matched reset pair (no device)	2026-09-21T05:56:32.3270486Z test_rela_relr_and_relocation_writes_straddling_prefix_are_rejected (test_deferred_selected_probe.SelectedBoundaryTests.test_rela_relr_and_relocation_writes_straddling_prefix_are_rejected) ... ok
observer-safety	Test Slot B guards and matched reset pair (no device)	2026-09-21T05:56:32.3312062Z test_scope_and_cli_exclude_every_frozen_stage (test_deferred_selected_probe.SelectedBoundaryTests.test_scope_and_cli_exclude_every_frozen_stage) ... ok
observer-safety	Test Slot B guards and matched reset pair (no device)	2026-09-21T05:56:32.3313876Z test_source_and_queue_identity_cannot_be_self_attested (test_deferred_selected_probe.SelectedBoundaryTests.test_source_and_queue_identity_cannot_be_self_attested) ... ok
observer-safety	Test Slot B guards and matched reset pair (no device)	2026-09-21T05:56:32.3332862Z test_source_requires_mutex_nonempty_first_entry_load_before_get (test_deferred_selected_probe.SelectedBoundaryTests.test_source_requires_mutex_nonempty_first_entry_load_before_get) ... ok
observer-safety	Test Slot B guards and matched reset pair (no device)	2026-09-21T05:56:32.3337411Z test_whole_executable_section_coverage_cannot_silently_shrink (test_deferred_selected_probe.SelectedBoundaryTests.test_whole_executable_section_coverage_cannot_silently_shrink) ... ok
observer-safety	Test Slot B guards and matched reset pair (no device)	2026-09-21T05:56:32.3339550Z test_whole_parent_agreement_is_required_even_outside_window (test_deferred_selected_probe.SelectedBoundaryTests.test_whole_parent_agreement_is_required_even_outside_window) ... ok
observer-safety	Test Slot B guards and matched reset pair (no device)	2026-09-21T05:56:32.8713846Z test_baseline_pac_tail_and_envelope_mutations_fail (test_deferred_selected_probe.SelectedPayloadTests.test_baseline_pac_tail_and_envelope_mutations_fail) ... ok
observer-safety	Test Slot B guards and matched reset pair (no device)	2026-09-21T05:56:38.9291345Z test_boot_gates_preserve_header_ramdisk_trailer_and_full_hash_pair (test_deferred_selected_probe.SelectedPayloadTests.test_boot_gates_preserve_header_ramdisk_trailer_and_full_hash_pair) ... ok
observer-safety	Test Slot B guards and matched reset pair (no device)	2026-09-21T05:56:39.0449893Z test_frozen_gate_rejects_wrong_hash_size_and_external_initrd (test_deferred_selected_probe.SelectedPayloadTests.test_frozen_gate_rejects_wrong_hash_size_and_external_initrd) ... ok
observer-safety	Test Slot B guards and matched reset pair (no device)	2026-09-21T05:56:40.8345594Z test_members_are_exact_and_metadata_cannot_overstate_proof (test_deferred_selected_probe.SelectedPayloadTests.test_members_are_exact_and_metadata_cannot_overstate_proof) ... ok
observer-safety	Test Slot B guards and matched reset pair (no device)	2026-09-21T05:57:00.6406355Z test_pair_binds_delay_direction_all_bytes_and_manifest_authority (test_deferred_selected_probe.SelectedPayloadTests.test_pair_binds_delay_direction_all_bytes_and_manifest_authority) ... ok
observer-safety	Test Slot B guards and matched reset pair (no device)	2026-09-21T05:57:09.3177810Z test_private_independent_download_rejects_boot_and_identity_mutations (test_deferred_selected_probe.SelectedPayloadTests.test_private_independent_download_rejects_boot_and_identity_mutations) ... ok
observer-safety	Test Slot B guards and matched reset pair (no device)	2026-09-21T05:57:17.7532775Z test_private_pack_and_independent_download_agree_exactly (test_deferred_selected_probe.SelectedPayloadTests.test_private_pack_and_independent_download_agree_exactly) ... ok
observer-safety	Test Slot B guards and matched reset pair (no device)	2026-09-21T05:57:18.0134401Z test_private_rejects_member_metadata_forgery_before_any_boot_output (test_deferred_selected_probe.SelectedPayloadTests.test_private_rejects_member_metadata_forgery_before_any_boot_output) ... ok
observer-safety	Test Slot B guards and matched reset pair (no device)	2026-09-21T05:57:18.1009992Z test_private_rejects_untrusted_repository_source_and_run_before_writes (test_deferred_selected_probe.SelectedPayloadTests.test_private_rejects_untrusted_repository_source_and_run_before_writes) ... ok
observer-safety	Test Slot B guards and matched reset pair (no device)	2026-09-21T05:57:18.1016998Z test_20b_window_would_require_trampoline (test_lastinitcall_return_gated_probe.LastReturnGatedProbeTests.test_20b_window_would_require_trampoline) ... ok
observer-safety	Test Slot B guards and matched reset pair (no device)	2026-09-21T05:57:18.1018334Z test_bind_post51_frozen_identity (test_lastinitcall_return_gated_probe.LastReturnGatedProbeTests.test_bind_post51_frozen_identity) ... ok
observer-safety	Test Slot B guards and matched reset pair (no device)	2026-09-21T05:57:18.1019478Z test_geometry_not_ready (test_lastinitcall_return_gated_probe.LastReturnGatedProbeTests.test_geometry_not_ready) ... ok
observer-safety	Test Slot B guards and matched reset pair (no device)	2026-09-21T05:57:18.1021303Z test_last_return_negative_fixtures (test_lastinitcall_return_gated_probe.LastReturnGatedProbeTests.test_last_return_negative_fixtures) ... ok
observer-safety	Test Slot B guards and matched reset pair (no device)	2026-09-21T05:57:18.1606053Z test_payload_words_windows (test_lastinitcall_return_gated_probe.LastReturnGatedProbeTests.test_payload_words_windows) ... ok
observer-safety	Test Slot B guards and matched reset pair (no device)	2026-09-21T05:57:18.1607827Z test_select_last_return_probe_rejected (test_lastinitcall_return_gated_probe.LastReturnGatedProbeTests.test_select_last_return_probe_rejected) ... ok
observer-safety	Test Slot B guards and matched reset pair (no device)	2026-09-21T05:57:18.1629687Z test_source_chain (test_lastinitcall_return_gated_probe.LastReturnGatedProbeTests.test_source_chain) ... ok
observer-safety	Test Slot B guards and matched reset pair (no device)	2026-09-21T05:57:18.1631796Z test_btic51_routes_registered_in_observe (test_late_btic51_observer_fixtures.FrozenRegistryTests.test_btic51_routes_registered_in_observe) ... ok
observer-safety	Test Slot B guards and matched reset pair (no device)	2026-09-21T05:57:18.1634148Z test_committed_state_is_unfrozen_and_rejected (test_late_btic51_observer_fixtures.FrozenRegistryTests.test_committed_state_is_unfrozen_and_rejected) ... ok
observer-safety	Test Slot B guards and matched reset pair (no device)	2026-09-21T05:57:18.1636773Z test_fixtures_registry_reexports_observe_plugin_points (test_late_btic51_observer_fixtures.FrozenRegistryTests.test_fixtures_registry_reexports_observe_plugin_points) ... ok
observer-safety	Test Slot B guards and matched reset pair (no device)	2026-09-21T05:57:18.1639249Z test_frozen_gate_rejects_non_hex_and_bad_length (test_late_btic51_observer_fixtures.FrozenRegistryTests.test_frozen_gate_rejects_non_hex_and_bad_length) ... ok
observer-safety	Test Slot B guards and matched reset pair (no device)	2026-09-21T05:57:18.1641278Z test_frozen_geometry_literals (test_late_btic51_observer_fixtures.GeometryTests.test_frozen_geometry_literals) ... ok
observer-safety	Test Slot B guards and matched reset pair (no device)	2026-09-21T05:57:18.1646818Z test_geometry_accepts_frozen_window_only (test_late_btic51_observer_fixtures.GeometryTests.test_geometry_accepts_frozen_window_only) ... ok
observer-safety	Test Slot B guards and matched reset pair (no device)	2026-09-21T05:57:18.1648445Z test_pad_class_negatives (test_late_btic51_observer_fixtures.GeometryTests.test_pad_class_negatives) ... ok
observer-safety	Test Slot B guards and matched reset pair (no device)	2026-09-21T05:57:18.1649958Z test_pair_diff_range_is_delay_word (test_late_btic51_observer_fixtures.GeometryTests.test_pair_diff_range_is_delay_word) ... ok
observer-safety	Test Slot B guards and matched reset pair (no device)	2026-09-21T05:57:18.1651385Z test_selection_policy (test_late_btic51_observer_fixtures.GeometryTests.test_selection_policy) ... ok
observer-safety	Test Slot B guards and matched reset pair (no device)	2026-09-21T05:57:18.1652781Z test_table_drift_negatives (test_late_btic51_observer_fixtures.GeometryTests.test_table_drift_negatives) ... ok
observer-safety	Test Slot B guards and matched reset pair (no device)	2026-09-21T05:57:18.1654119Z test_table_identity (test_late_btic51_observer_fixtures.GeometryTests.test_table_identity) ... ok
observer-safety	Test Slot B guards and matched reset pair (no device)	2026-09-21T05:57:18.1685060Z test_cross_identity_rejection_scale (test_late_btic51_observer_fixtures.IdentityTests.test_cross_identity_rejection_scale) ... ok
observer-safety	Test Slot B guards and matched reset pair (no device)	2026-09-21T05:57:18.1687573Z test_exact_identity_only (test_late_btic51_observer_fixtures.IdentityTests.test_exact_identity_only) ... ok
observer-safety	Test Slot B guards and matched reset pair (no device)	2026-09-21T05:57:18.1700310Z test_named_cross_family_identities_rejected (test_late_btic51_observer_fixtures.IdentityTests.test_named_cross_family_identities_rejected) ... ok
observer-safety	Test Slot B guards and matched reset pair (no device)	2026-09-21T05:57:18.1703412Z test_non_btic51_cases_rejected (test_late_btic51_observer_fixtures.IdentityTests.test_non_btic51_cases_rejected) ... ok
observer-safety	Test Slot B guards and matched reset pair (no device)	2026-09-21T05:57:18.1704973Z test_one_byte_mutants_rejected (test_late_btic51_observer_fixtures.IdentityTests.test_one_byte_mutants_rejected) ... ok
observer-safety	Test Slot B guards and matched reset pair (no device)	2026-09-21T05:57:18.1710337Z test_grade_boundaries (test_late_btic51_observer_fixtures.VerdictTests.test_grade_boundaries) ... ok
observer-safety	Test Slot B guards and matched reset pair (no device)	2026-09-21T05:57:18.1722149Z test_invalid_records_rejected (test_late_btic51_observer_fixtures.VerdictTests.test_invalid_records_rejected) ... ok
observer-safety	Test Slot B guards and matched reset pair (no device)	2026-09-21T05:57:18.1727114Z test_no_shift_records_checkpoint_shift_not_observed_only (test_late_btic51_observer_fixtures.VerdictTests.test_no_shift_records_checkpoint_shift_not_observed_only) ... ok
observer-safety	Test Slot B guards and matched reset pair (no device)	2026-09-21T05:57:18.1728837Z test_strong_proves_only_btic51_entry (test_late_btic51_observer_fixtures.VerdictTests.test_strong_proves_only_btic51_entry) ... ok
observer-safety	Test Slot B guards and matched reset pair (no device)	2026-09-21T05:57:18.1730264Z test_bti_c_missing_rejected (test_late_btic51_probe_authorization.ComposedWindow.test_bti_c_missing_rejected) ... ok
observer-safety	Test Slot B guards and matched reset pair (no device)	2026-09-21T05:57:18.1731321Z test_bti_c_word_rewritten_rejected (test_late_btic51_probe_authorization.ComposedWindow.test_bti_c_word_rewritten_rejected) ... ok
observer-safety	Test Slot B guards and matched reset pair (no device)	2026-09-21T05:57:18.1732828Z test_composed_window_identity_and_control_flow (test_late_btic51_probe_authorization.ComposedWindow.test_composed_window_identity_and_control_flow) ... ok
observer-safety	Test Slot B guards and matched reset pair (no device)	2026-09-21T05:57:18.1733975Z test_pac_hint_word_rejected (test_late_btic51_probe_authorization.ComposedWindow.test_pac_hint_word_rejected) ... ok
observer-safety	Test Slot B guards and matched reset pair (no device)	2026-09-21T05:57:18.1734815Z test_pad_class_not_bti_c_rejected (test_late_btic51_probe_authorization.ComposedWindow.test_pad_class_not_bti_c_rejected) ... ok
observer-safety	Test Slot B guards and matched reset pair (no device)	2026-09-21T05:57:18.1736148Z test_ret_in_diagnostic_path_rejected (test_late_btic51_probe_authorization.ComposedWindow.test_ret_in_diagnostic_path_rejected) ... ok
observer-safety	Test Slot B guards and matched reset pair (no device)	2026-09-21T05:57:18.1740008Z test_tail_reenters_diagnostic_path_rejected (test_late_btic51_probe_authorization.ComposedWindow.test_tail_reenters_diagnostic_path_rejected) ... ok
observer-safety	Test Slot B guards and matched reset pair (no device)	2026-09-21T05:57:18.1742041Z test_fresh_payload_sha_accepted (test_late_btic51_probe_authorization.FrozenRegistry.test_fresh_payload_sha_accepted) ... ok
observer-safety	Test Slot B guards and matched reset pair (no device)	2026-09-21T05:57:18.1744028Z test_frozen_payload_sha_rejected (test_late_btic51_probe_authorization.FrozenRegistry.test_frozen_payload_sha_rejected) ... ok
observer-safety	Test Slot B guards and matched reset pair (no device)	2026-09-21T05:57:18.1746372Z test_frozen_registry_covers_post50_additively (test_late_btic51_probe_authorization.FrozenRegistry.test_frozen_registry_covers_post50_additively) ... ok
observer-safety	Test Slot B guards and matched reset pair (no device)	2026-09-21T05:57:18.1748514Z test_frozen_window_overlap_detector (test_late_btic51_probe_authorization.FrozenRegistry.test_frozen_window_overlap_detector) ... ok
observer-safety	Test Slot B guards and matched reset pair (no device)	2026-09-21T05:57:18.1750692Z test_target_window_disjoint_from_every_frozen_window (test_late_btic51_probe_authorization.FrozenRegistry.test_target_window_disjoint_from_every_frozen_window) ... ok
observer-safety	Test Slot B guards and matched reset pair (no device)	2026-09-21T05:57:18.1752832Z test_trampoline_island_rejected (test_late_btic51_probe_authorization.InlineArchitecture.test_trampoline_island_rejected) ... ok
observer-safety	Test Slot B guards and matched reset pair (no device)	2026-09-21T05:57:18.1832869Z test_extra_pair_diff_rejected (test_late_btic51_probe_authorization.PairComposition.test_extra_pair_diff_rejected) ... ok
observer-safety	Test Slot B guards and matched reset pair (no device)	2026-09-21T05:57:18.1946345Z test_member_changes_only_inside_window (test_late_btic51_probe_authorization.PairComposition.test_member_changes_only_inside_window) ... ok
observer-safety	Test Slot B guards and matched reset pair (no device)	2026-09-21T05:57:18.1950046Z test_member_changes_outside_window_rejected (test_late_btic51_probe_authorization.PairComposition.test_member_changes_outside_window_rejected) ... ok
observer-safety	Test Slot B guards and matched reset pair (no device)	2026-09-21T05:57:18.1993651Z test_pair_diff_is_delay_constant_only (test_late_btic51_probe_authorization.PairComposition.test_pair_diff_is_delay_constant_only) ... ok
observer-safety	Test Slot B guards and matched reset pair (no device)	2026-09-21T05:57:18.1995010Z test_prel32_change_rejected (test_late_btic51_probe_authorization.PairComposition.test_prel32_change_rejected) ... ok
observer-safety	Test Slot B guards and matched reset pair (no device)	2026-09-21T05:57:18.2000054Z test_prel32_unchanged_accepted (test_late_btic51_probe_authorization.PairComposition.test_prel32_unchanged_accepted) ... ok
observer-safety	Test Slot B guards and matched reset pair (no device)	2026-09-21T05:57:18.2001770Z test_tail_bytes_original_in_members (test_late_btic51_probe_authorization.PairComposition.test_tail_bytes_original_in_members) ... ok
observer-safety	Test Slot B guards and matched reset pair (no device)	2026-09-21T05:57:18.2003018Z test_pinned_target_constants (test_late_btic51_probe_authorization.PinnedIdentity.test_pinned_target_constants) ... ok
observer-safety	Test Slot B guards and matched reset pair (no device)	2026-09-21T05:57:18.2004798Z test_reference_rows_50_and_51_match_frozen_identity (test_late_btic51_probe_authorization.PinnedIdentity.test_reference_rows_50_and_51_match_frozen_identity) ... ok
observer-safety	Test Slot B guards and matched reset pair (no device)	2026-09-21T05:57:18.2006863Z test_frozen_window_overlap_rejected (test_late_btic51_probe_authorization.PinnedSelection.test_frozen_window_overlap_rejected) ... ok
observer-safety	Test Slot B guards and matched reset pair (no device)	2026-09-21T05:57:18.2140626Z test_incoming_into_unscanned_tail_rejected (test_late_btic51_probe_authorization.PinnedSelection.test_incoming_into_unscanned_tail_rejected) ... ok
observer-safety	Test Slot B guards and matched reset pair (no device)	2026-09-21T05:57:18.2231424Z test_interior_incoming_target_rejected (test_late_btic51_probe_authorization.PinnedSelection.test_interior_incoming_target_rejected) ... ok
observer-safety	Test Slot B guards and matched reset pair (no device)	2026-09-21T05:57:36.5190997Z test_pinned_target_selects_51_without_walk (test_late_btic51_probe_authorization.PinnedSelection.test_pinned_target_selects_51_without_walk) ... ok
observer-safety	Test Slot B guards and matched reset pair (no device)	2026-09-21T05:57:36.5324377Z test_text_target_rejected (test_late_btic51_probe_authorization.PinnedSelection.test_text_target_rejected) ... ok
observer-safety	Test Slot B guards and matched reset pair (no device)	2026-09-21T05:57:36.5326662Z test_absolute_low32_scan_detects_tail_va (test_late_btic51_probe_authorization.ReferencesAndConfig.test_absolute_low32_scan_detects_tail_va) ... ok
observer-safety	Test Slot B guards and matched reset pair (no device)	2026-09-21T05:57:36.5337103Z test_bti_config_data_keys (test_late_btic51_probe_authorization.ReferencesAndConfig.test_bti_config_data_keys) ... ok
observer-safety	Test Slot B guards and matched reset pair (no device)	2026-09-21T05:57:36.5463950Z test_bti_c_candidate_passes_round_gate (test_late_btic51_probe_authorization.RoundPadGate.test_bti_c_candidate_passes_round_gate) ... ok
observer-safety	Test Slot B guards and matched reset pair (no device)	2026-09-21T05:57:36.5864822Z test_bti_variant_pads_rejected (test_late_btic51_probe_authorization.RoundPadGate.test_bti_variant_pads_rejected) ... ok
observer-safety	Test Slot B guards and matched reset pair (no device)	2026-09-21T05:57:36.5995926Z test_paciasp_candidate_rejected_reversed_polarity (test_late_btic51_probe_authorization.RoundPadGate.test_paciasp_candidate_rejected_reversed_polarity) ... ok
observer-safety	Test Slot B guards and matched reset pair (no device)	2026-09-21T05:57:36.5998014Z test_summary_contains_btic51_and_tail_gates (test_late_btic51_probe_authorization.SummaryKeys.test_summary_contains_btic51_and_tail_gates) ... ok
observer-safety	Test Slot B guards and matched reset pair (no device)	2026-09-21T05:57:36.6130450Z test_derived_window_60_accepted (test_late_btic51_probe_authorization.WindowDerivation.test_derived_window_60_accepted) ... ok
observer-safety	Test Slot B guards and matched reset pair (no device)	2026-09-21T05:57:36.6219478Z test_derived_window_64_rejected_loudly (test_late_btic51_probe_authorization.WindowDerivation.test_derived_window_64_rejected_loudly) ... ok
observer-safety	Test Slot B guards and matched reset pair (no device)	2026-09-21T05:57:36.6398887Z test_function_too_small_rejected (test_late_btic51_probe_authorization.WindowDerivation.test_function_too_small_rejected) ... ok
observer-safety	Test Slot B guards and matched reset pair (no device)	2026-09-21T05:57:36.6400930Z test_compact52_registered_in_observe (test_late_compact52_observer_fixtures.FrozenRegistryTests.test_compact52_registered_in_observe) ... ok
observer-safety	Test Slot B guards and matched reset pair (no device)	2026-09-21T05:57:36.6402891Z test_fixtures_registry_matches_observe (test_late_compact52_observer_fixtures.FrozenRegistryTests.test_fixtures_registry_matches_observe) ... ok
observer-safety	Test Slot B guards and matched reset pair (no device)	2026-09-21T05:57:36.6405131Z test_identity_is_frozen_shape_and_not_a_placeholder (test_late_compact52_observer_fixtures.FrozenRegistryTests.test_identity_is_frozen_shape_and_not_a_placeholder) ... ok
observer-safety	Test Slot B guards and matched reset pair (no device)	2026-09-21T05:57:36.6407316Z test_frozen_geometry_literals (test_late_compact52_observer_fixtures.GeometryTests.test_frozen_geometry_literals) ... ok
observer-safety	Test Slot B guards and matched reset pair (no device)	2026-09-21T05:57:36.6409050Z test_geometry_accepts_frozen_window_only (test_late_compact52_observer_fixtures.GeometryTests.test_geometry_accepts_frozen_window_only) ... ok
observer-safety	Test Slot B guards and matched reset pair (no device)	2026-09-21T05:57:36.6410721Z test_pad_class_negatives (test_late_compact52_observer_fixtures.GeometryTests.test_pad_class_negatives) ... ok
observer-safety	Test Slot B guards and matched reset pair (no device)	2026-09-21T05:57:36.6412255Z test_pair_diff_range_is_delay_word (test_late_compact52_observer_fixtures.GeometryTests.test_pair_diff_range_is_delay_word) ... ok
observer-safety	Test Slot B guards and matched reset pair (no device)	2026-09-21T05:57:36.6413766Z test_selection_policy (test_late_compact52_observer_fixtures.GeometryTests.test_selection_policy) ... ok
observer-safety	Test Slot B guards and matched reset pair (no device)	2026-09-21T05:57:36.6416325Z test_table_drift_negatives (test_late_compact52_observer_fixtures.GeometryTests.test_table_drift_negatives) ... ok
observer-safety	Test Slot B guards and matched reset pair (no device)	2026-09-21T05:57:36.6417776Z test_table_identity (test_late_compact52_observer_fixtures.GeometryTests.test_table_identity) ... ok
observer-safety	Test Slot B guards and matched reset pair (no device)	2026-09-21T05:57:36.6449984Z test_cross_identity_rejection_scale (test_late_compact52_observer_fixtures.IdentityTests.test_cross_identity_rejection_scale) ... ok
observer-safety	Test Slot B guards and matched reset pair (no device)	2026-09-21T05:57:36.6453088Z test_exact_identity_only (test_late_compact52_observer_fixtures.IdentityTests.test_exact_identity_only) ... ok
observer-safety	Test Slot B guards and matched reset pair (no device)	2026-09-21T05:57:36.6466943Z test_named_cross_family_identities_rejected (test_late_compact52_observer_fixtures.IdentityTests.test_named_cross_family_identities_rejected) ... ok
observer-safety	Test Slot B guards and matched reset pair (no device)	2026-09-21T05:57:36.6469739Z test_non_compact52_cases_rejected (test_late_compact52_observer_fixtures.IdentityTests.test_non_compact52_cases_rejected) ... ok
observer-safety	Test Slot B guards and matched reset pair (no device)	2026-09-21T05:57:36.6471373Z test_one_byte_mutants_rejected (test_late_compact52_observer_fixtures.IdentityTests.test_one_byte_mutants_rejected) ... ok
observer-safety	Test Slot B guards and matched reset pair (no device)	2026-09-21T05:57:36.6473408Z test_authoritative_identity_survives_the_predicate (test_late_compact52_observer_fixtures.PlaceholderRejectionTests.test_authoritative_identity_survives_the_predicate) ... ok
observer-safety	Test Slot B guards and matched reset pair (no device)	2026-09-21T05:57:36.6475939Z test_frozen_gate_rejects_non_hex_and_bad_length (test_late_compact52_observer_fixtures.PlaceholderRejectionTests.test_frozen_gate_rejects_non_hex_and_bad_length) ... ok
observer-safety	Test Slot B guards and matched reset pair (no device)	2026-09-21T05:57:36.6478312Z test_malformed_and_non_string_rejected (test_late_compact52_observer_fixtures.PlaceholderRejectionTests.test_malformed_and_non_string_rejected) ... ok
observer-safety	Test Slot B guards and matched reset pair (no device)	2026-09-21T05:57:36.6480340Z test_registry_disagreement_is_refused (test_late_compact52_observer_fixtures.PlaceholderRejectionTests.test_registry_disagreement_is_refused) ... ok
observer-safety	Test Slot B guards and matched reset pair (no device)	2026-09-21T05:57:36.6482618Z test_require_authoritative_refuses_a_placeholder_constant (test_late_compact52_observer_fixtures.PlaceholderRejectionTests.test_require_authoritative_refuses_a_placeholder_constant) ... ok
observer-safety	Test Slot B guards and matched reset pair (no device)	2026-09-21T05:57:36.6485068Z test_valid_hex_placeholders_and_sentinels_rejected (test_late_compact52_observer_fixtures.PlaceholderRejectionTests.test_valid_hex_placeholders_and_sentinels_rejected) ... ok
observer-safety	Test Slot B guards and matched reset pair (no device)	2026-09-21T05:57:36.6487896Z test_grade_boundaries (test_late_compact52_observer_fixtures.VerdictTests.test_grade_boundaries) ... ok
observer-safety	Test Slot B guards and matched reset pair (no device)	2026-09-21T05:57:36.6494801Z test_invalid_records_rejected (test_late_compact52_observer_fixtures.VerdictTests.test_invalid_records_rejected) ... ok
observer-safety	Test Slot B guards and matched reset pair (no device)	2026-09-21T05:57:36.6496963Z test_no_shift_records_checkpoint_shift_not_observed_only (test_late_compact52_observer_fixtures.VerdictTests.test_no_shift_records_checkpoint_shift_not_observed_only) ... ok
observer-safety	Test Slot B guards and matched reset pair (no device)	2026-09-21T05:57:36.6498973Z test_strong_proves_only_compact52_entry (test_late_compact52_observer_fixtures.VerdictTests.test_strong_proves_only_compact52_entry) ... ok
observer-safety	Test Slot B guards and matched reset pair (no device)	2026-09-21T05:57:36.6507049Z test_composed_window_identity_and_control_flow (test_late_index52_compact.ComposedWindow.test_composed_window_identity_and_control_flow) ... ok
observer-safety	Test Slot B guards and matched reset pair (no device)	2026-09-21T05:57:36.6508719Z test_pac_hint_word_rejected (test_late_index52_compact.ComposedWindow.test_pac_hint_word_rejected) ... ok
observer-safety	Test Slot B guards and matched reset pair (no device)	2026-09-21T05:57:36.6510105Z test_paciasp_missing_rejected (test_late_index52_compact.ComposedWindow.test_paciasp_missing_rejected) ... ok
observer-safety	Test Slot B guards and matched reset pair (no device)	2026-09-21T05:57:36.6511643Z test_paciasp_word_rewritten_rejected (test_late_index52_compact.ComposedWindow.test_paciasp_word_rewritten_rejected) ... ok
observer-safety	Test Slot B guards and matched reset pair (no device)	2026-09-21T05:57:36.6513237Z test_pad_class_not_paciasp_rejected (test_late_index52_compact.ComposedWindow.test_pad_class_not_paciasp_rejected) ... ok
observer-safety	Test Slot B guards and matched reset pair (no device)	2026-09-21T05:57:36.6514771Z test_ret_in_diagnostic_path_rejected (test_late_index52_compact.ComposedWindow.test_ret_in_diagnostic_path_rejected) ... ok
observer-safety	Test Slot B guards and matched reset pair (no device)	2026-09-21T05:57:36.6516674Z test_tail_reenters_diagnostic_path_rejected (test_late_index52_compact.ComposedWindow.test_tail_reenters_diagnostic_path_rejected) ... ok
observer-safety	Test Slot B guards and matched reset pair (no device)	2026-09-21T05:57:36.6518301Z test_fresh_payload_sha_accepted (test_late_index52_compact.FrozenRegistry.test_fresh_payload_sha_accepted) ... ok
observer-safety	Test Slot B guards and matched reset pair (no device)	2026-09-21T05:57:36.6519955Z test_frozen_payload_sha_rejected (test_late_index52_compact.FrozenRegistry.test_frozen_payload_sha_rejected) ... ok
observer-safety	Test Slot B guards and matched reset pair (no device)	2026-09-21T05:57:36.6521570Z test_frozen_registry_covers_post50_additively (test_late_index52_compact.FrozenRegistry.test_frozen_registry_covers_post50_additively) ... ok
observer-safety	Test Slot B guards and matched reset pair (no device)	2026-09-21T05:57:36.6523245Z test_frozen_window_overlap_detector (test_late_index52_compact.FrozenRegistry.test_frozen_window_overlap_detector) ... ok
observer-safety	Test Slot B guards and matched reset pair (no device)	2026-09-21T05:57:36.6524994Z test_target_window_disjoint_from_every_frozen_window (test_late_index52_compact.FrozenRegistry.test_target_window_disjoint_from_every_frozen_window) ... ok
observer-safety	Test Slot B guards and matched reset pair (no device)	2026-09-21T05:57:36.6526904Z test_trampoline_island_rejected (test_late_index52_compact.InlineArchitecture.test_trampoline_island_rejected) ... ok
observer-safety	Test Slot B guards and matched reset pair (no device)	2026-09-21T05:57:36.6590478Z test_extra_pair_diff_rejected (test_late_index52_compact.PairComposition.test_extra_pair_diff_rejected) ... ok
observer-safety	Test Slot B guards and matched reset pair (no device)	2026-09-21T05:57:36.6660088Z test_member_changes_only_inside_window (test_late_index52_compact.PairComposition.test_member_changes_only_inside_window) ... ok
observer-safety	Test Slot B guards and matched reset pair (no device)	2026-09-21T05:57:36.6662799Z test_member_changes_outside_window_after_function_rejected (test_late_index52_compact.PairComposition.test_member_changes_outside_window_after_function_rejected) ... ok
observer-safety	Test Slot B guards and matched reset pair (no device)	2026-09-21T05:57:36.6665134Z test_member_changes_outside_window_rejected (test_late_index52_compact.PairComposition.test_member_changes_outside_window_rejected) ... ok
observer-safety	Test Slot B guards and matched reset pair (no device)	2026-09-21T05:57:36.6701257Z test_pair_diff_is_delay_constant_only (test_late_index52_compact.PairComposition.test_pair_diff_is_delay_constant_only) ... ok
observer-safety	Test Slot B guards and matched reset pair (no device)	2026-09-21T05:57:36.6702746Z test_prel32_change_rejected (test_late_index52_compact.PairComposition.test_prel32_change_rejected) ... ok
observer-safety	Test Slot B guards and matched reset pair (no device)	2026-09-21T05:57:36.6704072Z test_prel32_unchanged_accepted (test_late_index52_compact.PairComposition.test_prel32_unchanged_accepted) ... ok
observer-safety	Test Slot B guards and matched reset pair (no device)	2026-09-21T05:57:36.6705662Z test_pinned_target_constants (test_late_index52_compact.PinnedIdentity.test_pinned_target_constants) ... ok
observer-safety	Test Slot B guards and matched reset pair (no device)	2026-09-21T05:57:36.6709956Z test_reference_row_52_matches_frozen_identity (test_late_index52_compact.PinnedIdentity.test_reference_row_52_matches_frozen_identity) ... ok
observer-safety	Test Slot B guards and matched reset pair (no device)	2026-09-21T05:57:36.6726533Z test_frozen_window_overlap_rejected (test_late_index52_compact.PinnedSelection.test_frozen_window_overlap_rejected) ... ok
observer-safety	Test Slot B guards and matched reset pair (no device)	2026-09-21T05:57:36.6759054Z test_incoming_into_window_interior_rejected (test_late_index52_compact.PinnedSelection.test_incoming_into_window_interior_rejected) ... ok
observer-safety	Test Slot B guards and matched reset pair (no device)	2026-09-21T05:57:36.6807158Z test_interior_incoming_target_rejected (test_late_index52_compact.PinnedSelection.test_interior_incoming_target_rejected) ... ok
observer-safety	Test Slot B guards and matched reset pair (no device)	2026-09-21T05:57:54.9284646Z test_pinned_target_selects_52_without_walk (test_late_index52_compact.PinnedSelection.test_pinned_target_selects_52_without_walk) ... ok
observer-safety	Test Slot B guards and matched reset pair (no device)	2026-09-21T05:57:54.9332450Z test_text_target_rejected (test_late_index52_compact.PinnedSelection.test_text_target_rejected) ... ok
observer-safety	Test Slot B guards and matched reset pair (no device)	2026-09-21T05:57:54.9333612Z test_absolute_low32_scan_detects_tail_va (test_late_index52_compact.ReferencesAndConfig.test_absolute_low32_scan_detects_tail_va) ... ok
observer-safety	Test Slot B guards and matched reset pair (no device)	2026-09-21T05:57:54.9335044Z test_compact_config_data_keys (test_late_index52_compact.ReferencesAndConfig.test_compact_config_data_keys) ... ok
observer-safety	Test Slot B guards and matched reset pair (no device)	2026-09-21T05:57:54.9383599Z test_bti_c_candidate_rejected_reversed_polarity (test_late_index52_compact.RoundPadGate.test_bti_c_candidate_rejected_reversed_polarity) ... ok
observer-safety	Test Slot B guards and matched reset pair (no device)	2026-09-21T05:57:54.9525068Z test_bti_variant_pads_rejected (test_late_index52_compact.RoundPadGate.test_bti_variant_pads_rejected) ... ok
observer-safety	Test Slot B guards and matched reset pair (no device)	2026-09-21T05:57:54.9573670Z test_paciasp_candidate_passes_round_gate (test_late_index52_compact.RoundPadGate.test_paciasp_candidate_passes_round_gate) ... ok
observer-safety	Test Slot B guards and matched reset pair (no device)	2026-09-21T05:57:54.9575778Z test_summary_contains_compact52_and_tail_absent_gates (test_late_index52_compact.SummaryKeys.test_summary_contains_compact52_and_tail_absent_gates) ... ok
observer-safety	Test Slot B guards and matched reset pair (no device)	2026-09-21T05:57:54.9623786Z test_derived_window_48_accepted (test_late_index52_compact.WindowDerivation.test_derived_window_48_accepted) ... ok
observer-safety	Test Slot B guards and matched reset pair (no device)	2026-09-21T05:57:54.9764160Z test_function_too_small_rejected (test_late_index52_compact.WindowDerivation.test_function_too_small_rejected) ... ok
observer-safety	Test Slot B guards and matched reset pair (no device)	2026-09-21T05:57:54.9867744Z test_larger_function_rejected_loudly (test_late_index52_compact.WindowDerivation.test_larger_function_rejected_loudly) ... ok
observer-safety	Test Slot B guards and matched reset pair (no device)	2026-09-21T05:57:54.9869442Z test_prediction_policy (test_late_level_cfg_audit.ArchitecturePolicyTest.test_prediction_policy) ... ok
observer-safety	Test Slot B guards and matched reset pair (no device)	2026-09-21T05:57:54.9871498Z test_derived_sizes_for_low_mid_and_neighbors (test_late_level_cfg_audit.ArtifactCalibrationTest.test_derived_sizes_for_low_mid_and_neighbors) ... skipped 'frozen artifacts not present'
observer-safety	Test Slot B guards and matched reset pair (no device)	2026-09-21T05:57:54.9873617Z test_late_table_count_and_frozen_identity (test_late_level_cfg_audit.ArtifactCalibrationTest.test_late_table_count_and_frozen_identity) ... skipped 'frozen artifacts not present'
observer-safety	Test Slot B guards and matched reset pair (no device)	2026-09-21T05:57:54.9875500Z test_neighbor_search_low_primary_is_nominal_21 (test_late_level_cfg_audit.ArtifactCalibrationTest.test_neighbor_search_low_primary_is_nominal_21) ... skipped 'frozen artifacts not present'
observer-safety	Test Slot B guards and matched reset pair (no device)	2026-09-21T05:57:54.9877672Z test_neighbor_search_mid_primary_is_nominal_43 (test_late_level_cfg_audit.ArtifactCalibrationTest.test_neighbor_search_mid_primary_is_nominal_43) ... skipped 'frozen artifacts not present'
observer-safety	Test Slot B guards and matched reset pair (no device)	2026-09-21T05:57:54.9879682Z test_system_map_reproduces_all_frozen_precedent_sizes (test_late_level_cfg_audit.ArtifactCalibrationTest.test_system_map_reproduces_all_frozen_precedent_sizes) ... skipped 'frozen artifacts not present'
observer-safety	Test Slot B guards and matched reset pair (no device)	2026-09-21T05:57:54.9880968Z test_b_bl_bcond_cbz_tbz (test_late_level_cfg_audit.BranchDecoderTest.test_b_bl_bcond_cbz_tbz) ... ok
observer-safety	Test Slot B guards and matched reset pair (no device)	2026-09-21T05:57:54.9881883Z test_frozen_index0_bl_roundtrip (test_late_level_cfg_audit.BranchDecoderTest.test_frozen_index0_bl_roundtrip) ... ok
observer-safety	Test Slot B guards and matched reset pair (no device)	2026-09-21T05:57:54.9882876Z test_prel32_index0_frozen_decode (test_late_level_cfg_audit.BranchDecoderTest.test_prel32_index0_frozen_decode) ... ok
observer-safety	Test Slot B guards and matched reset pair (no device)	2026-09-21T05:57:54.9883656Z test_sx (test_late_level_cfg_audit.BranchDecoderTest.test_sx) ... ok
observer-safety	Test Slot B guards and matched reset pair (no device)	2026-09-21T05:57:54.9884468Z test_altinstructions_overlap_fails (test_late_level_cfg_audit.BrokenFixtureTest.test_altinstructions_overlap_fails) ... ok
observer-safety	Test Slot B guards and matched reset pair (no device)	2026-09-21T05:57:54.9966721Z test_closure_growth_and_exceeds_function (test_late_level_cfg_audit.BrokenFixtureTest.test_closure_growth_and_exceeds_function) ... ok
observer-safety	Test Slot B guards and matched reset pair (no device)	2026-09-21T05:57:54.9968056Z test_entry_not_paciasp_fails (test_late_level_cfg_audit.BrokenFixtureTest.test_entry_not_paciasp_fails) ... ok
observer-safety	Test Slot B guards and matched reset pair (no device)	2026-09-21T05:57:54.9969082Z test_extable_hit_inside_window_fails (test_late_level_cfg_audit.BrokenFixtureTest.test_extable_hit_inside_window_fails) ... ok
observer-safety	Test Slot B guards and matched reset pair (no device)	2026-09-21T05:57:55.0018970Z test_incoming_entry_branch_fails (test_late_level_cfg_audit.BrokenFixtureTest.test_incoming_entry_branch_fails) ... ok
observer-safety	Test Slot B guards and matched reset pair (no device)	2026-09-21T05:57:55.0069315Z test_incoming_interior_branch_fails (test_late_level_cfg_audit.BrokenFixtureTest.test_incoming_interior_branch_fails) ... ok
observer-safety	Test Slot B guards and matched reset pair (no device)	2026-09-21T05:57:55.0071233Z test_initcall_table_overlap_fails (test_late_level_cfg_audit.BrokenFixtureTest.test_initcall_table_overlap_fails) ... ok
observer-safety	Test Slot B guards and matched reset pair (no device)	2026-09-21T05:57:55.0072902Z test_jump_table_present_is_pending (test_late_level_cfg_audit.BrokenFixtureTest.test_jump_table_present_is_pending) ... ok
observer-safety	Test Slot B guards and matched reset pair (no device)	2026-09-21T05:57:55.0074237Z test_malformed_branch_beyond_function_reports_closure_exceeds (test_late_level_cfg_audit.BrokenFixtureTest.test_malformed_branch_beyond_function_reports_closure_exceeds) ... ok
observer-safety	Test Slot B guards and matched reset pair (no device)	2026-09-21T05:57:55.0077023Z test_prel32_mismatch_fails (test_late_level_cfg_audit.BrokenFixtureTest.test_prel32_mismatch_fails) ... ok
observer-safety	Test Slot B guards and matched reset pair (no device)	2026-09-21T05:57:55.0077969Z test_relocation_in_window_fails (test_late_level_cfg_audit.BrokenFixtureTest.test_relocation_in_window_fails) ... ok
observer-safety	Test Slot B guards and matched reset pair (no device)	2026-09-21T05:57:55.0078956Z test_too_small_function_fails_window_fit (test_late_level_cfg_audit.BrokenFixtureTest.test_too_small_function_fails_window_fit) ... ok
observer-safety	Test Slot B guards and matched reset pair (no device)	2026-09-21T05:57:55.0160731Z test_index0_frozen_identity_all_gates_pass (test_late_level_cfg_audit.FrozenIdentityTest.test_index0_frozen_identity_all_gates_pass) ... ok
observer-safety	Test Slot B guards and matched reset pair (no device)	2026-09-21T05:57:55.0167141Z test_index0_window_below_min_probe_rejected (test_late_level_cfg_audit.FrozenIdentityTest.test_index0_window_below_min_probe_rejected) ... ok
observer-safety	Test Slot B guards and matched reset pair (no device)	2026-09-21T05:57:55.0169358Z test_index0_window_must_not_exceed_function (test_late_level_cfg_audit.FrozenIdentityTest.test_index0_window_must_not_exceed_function) ... ok
observer-safety	Test Slot B guards and matched reset pair (no device)	2026-09-21T05:57:55.0171733Z test_missing_authoritative_map_is_pending_with_named_items (test_late_level_cfg_audit.PendingPolicyTest.test_missing_authoritative_map_is_pending_with_named_items) ... ok
observer-safety	Test Slot B guards and matched reset pair (no device)	2026-09-21T05:57:55.0194843Z test_chr_dev_init_branch_at_window_edge (test_late_level_cfg_audit.PrecedentCalibrationTest.test_chr_dev_init_branch_at_window_edge) ... ok
observer-safety	Test Slot B guards and matched reset pair (no device)	2026-09-21T05:57:55.0197117Z test_create_debug_debugfs_entry_56b_no_daifset (test_late_level_cfg_audit.PrecedentCalibrationTest.test_create_debug_debugfs_entry_56b_no_daifset) ... ok
observer-safety	Test Slot B guards and matched reset pair (no device)	2026-09-21T05:57:55.0222249Z test_topology_init_backedge_forces_window_160 (test_late_level_cfg_audit.PrecedentCalibrationTest.test_topology_init_backedge_forces_window_160) ... ok
observer-safety	Test Slot B guards and matched reset pair (no device)	2026-09-21T05:57:55.0316408Z test_56b_function_selects_52b_core (test_late_level_isolation.CandidateGates.test_56b_function_selects_52b_core) ... ok
observer-safety	Test Slot B guards and matched reset pair (no device)	2026-09-21T05:57:55.0409713Z test_60b_paciasp_function_passes_with_56b_core (test_late_level_isolation.CandidateGates.test_60b_paciasp_function_passes_with_56b_core) ... ok
observer-safety	Test Slot B guards and matched reset pair (no device)	2026-09-21T05:57:55.0504213Z test_back_edge_grows_window_like_topology_init (test_late_level_isolation.CandidateGates.test_back_edge_grows_window_like_topology_init) ... ok
observer-safety	Test Slot B guards and matched reset pair (no device)	2026-09-21T05:57:55.0597722Z test_bti_entry_accepted_and_recorded (test_late_level_isolation.CandidateGates.test_bti_entry_accepted_and_recorded) ... ok
observer-safety	Test Slot B guards and matched reset pair (no device)	2026-09-21T05:57:55.0691786Z test_duplicate_target_rejected (test_late_level_isolation.CandidateGates.test_duplicate_target_rejected) ... ok
observer-safety	Test Slot B guards and matched reset pair (no device)	2026-09-21T05:57:55.0785562Z test_extable_overlap_rejects (test_late_level_isolation.CandidateGates.test_extable_overlap_rejects) ... ok
observer-safety	Test Slot B guards and matched reset pair (no device)	2026-09-21T05:57:55.0879447Z test_incoming_entry_branch_rejects_window (test_late_level_isolation.CandidateGates.test_incoming_entry_branch_rejects_window) ... ok
observer-safety	Test Slot B guards and matched reset pair (no device)	2026-09-21T05:57:55.0978904Z test_interior_incoming_branch_rejects_window (test_late_level_isolation.CandidateGates.test_interior_incoming_branch_rejects_window) ... ok
observer-safety	Test Slot B guards and matched reset pair (no device)	2026-09-21T05:57:55.1073537Z test_literal_pointer_into_window_rejects (test_late_level_isolation.CandidateGates.test_literal_pointer_into_window_rejects) ... ok
observer-safety	Test Slot B guards and matched reset pair (no device)	2026-09-21T05:57:55.1168300Z test_missing_registration_rejected (test_late_level_isolation.CandidateGates.test_missing_registration_rejected) ... ok
observer-safety	Test Slot B guards and matched reset pair (no device)	2026-09-21T05:57:55.1284816Z test_non_late_registration_rejected (test_late_level_isolation.CandidateGates.test_non_late_registration_rejected) ... ok
observer-safety	Test Slot B guards and matched reset pair (no device)	2026-09-21T05:57:55.1381943Z test_oversized_entry_pad_rejected (test_late_level_isolation.CandidateGates.test_oversized_entry_pad_rejected) ... ok
observer-safety	Test Slot B guards and matched reset pair (no device)	2026-09-21T05:57:55.1476367Z test_relocation_overlap_rejects (test_late_level_isolation.CandidateGates.test_relocation_overlap_rejects) ... ok
observer-safety	Test Slot B guards and matched reset pair (no device)	2026-09-21T05:57:55.1572366Z test_symbol_inside_window_interior_rejects (test_late_level_isolation.CandidateGates.test_symbol_inside_window_interior_rejects) ... ok
observer-safety	Test Slot B guards and matched reset pair (no device)	2026-09-21T05:57:55.1670454Z test_text_section_target_rejects_init_text_gate (test_late_level_isolation.CandidateGates.test_text_section_target_rejects_init_text_gate) ... ok
observer-safety	Test Slot B guards and matched reset pair (no device)	2026-09-21T05:57:55.1766365Z test_window_crossing_next_symbol_rejects (test_late_level_isolation.CandidateGates.test_window_crossing_next_symbol_rejects) ... ok
observer-safety	Test Slot B guards and matched reset pair (no device)	2026-09-21T05:57:55.1773061Z test_build_map_entries_records_size_section_registration (test_late_level_isolation.DecoderAndIdentity.test_build_map_entries_records_size_section_registration) ... ok
observer-safety	Test Slot B guards and matched reset pair (no device)	2026-09-21T05:57:55.1775152Z test_candidate_ordering_prefers_nominal_then_lower_index_on_ties (test_late_level_isolation.DecoderAndIdentity.test_candidate_ordering_prefers_nominal_then_lower_index_on_ties) ... ok
observer-safety	Test Slot B guards and matched reset pair (no device)	2026-09-21T05:57:55.1781433Z test_check_continuity_accepts_reference_table (test_late_level_isolation.DecoderAndIdentity.test_check_continuity_accepts_reference_table) ... ok
observer-safety	Test Slot B guards and matched reset pair (no device)	2026-09-21T05:57:55.1787520Z test_check_continuity_rejects_drifted_index0 (test_late_level_isolation.DecoderAndIdentity.test_check_continuity_rejects_drifted_index0) ... ok
observer-safety	Test Slot B guards and matched reset pair (no device)	2026-09-21T05:57:55.1793050Z test_check_continuity_rejects_duplicate_target (test_late_level_isolation.DecoderAndIdentity.test_check_continuity_rejects_duplicate_target) ... ok
observer-safety	Test Slot B guards and matched reset pair (no device)	2026-09-21T05:57:55.1797488Z test_check_continuity_rejects_hole (test_late_level_isolation.DecoderAndIdentity.test_check_continuity_rejects_hole) ... ok
observer-safety	Test Slot B guards and matched reset pair (no device)	2026-09-21T05:57:55.1801830Z test_check_continuity_rejects_wrong_count (test_late_level_isolation.DecoderAndIdentity.test_check_continuity_rejects_wrong_count) ... ok
observer-safety	Test Slot B guards and matched reset pair (no device)	2026-09-21T05:57:55.1803110Z test_index0_runtime_identity_accepts_frozen_shape (test_late_level_isolation.DecoderAndIdentity.test_index0_runtime_identity_accepts_frozen_shape) ... ok
observer-safety	Test Slot B guards and matched reset pair (no device)	2026-09-21T05:57:55.1804789Z test_index0_runtime_identity_rejects_drift (test_late_level_isolation.DecoderAndIdentity.test_index0_runtime_identity_rejects_drift) ... ok
observer-safety	Test Slot B guards and matched reset pair (no device)	2026-09-21T05:57:55.1807745Z test_reference_fixture_present (test_late_level_isolation.DecoderAndIdentity.test_reference_fixture_present) ... ok
observer-safety	Test Slot B guards and matched reset pair (no device)	2026-09-21T05:57:55.1811007Z test_reference_index0_matches_frozen_identity (test_late_level_isolation.DecoderAndIdentity.test_reference_index0_matches_frozen_identity) ... ok
observer-safety	Test Slot B guards and matched reset pair (no device)	2026-09-21T05:57:55.1814295Z test_reference_symbols_are_unique_targets (test_late_level_isolation.DecoderAndIdentity.test_reference_symbols_are_unique_targets) ... ok
observer-safety	Test Slot B guards and matched reset pair (no device)	2026-09-21T05:57:55.1818461Z test_reference_table_prel32_self_consistent (test_late_level_isolation.DecoderAndIdentity.test_reference_table_prel32_self_consistent) ... ok
observer-safety	Test Slot B guards and matched reset pair (no device)	2026-09-21T05:57:55.1819771Z test_assert_pair_delay_only_rejects_other_diffs (test_late_level_isolation.PairComposition.test_assert_pair_delay_only_rejects_other_diffs) ... ok
observer-safety	Test Slot B guards and matched reset pair (no device)	2026-09-21T05:57:55.1854654Z test_member_changes_only_inside_window (test_late_level_isolation.PairComposition.test_member_changes_only_inside_window) ... ok
observer-safety	Test Slot B guards and matched reset pair (no device)	2026-09-21T05:57:55.1890244Z test_pair_diff_is_delay_constant_only_52b_core (test_late_level_isolation.PairComposition.test_pair_diff_is_delay_constant_only_52b_core) ... ok
observer-safety	Test Slot B guards and matched reset pair (no device)	2026-09-21T05:57:55.1926027Z test_pair_diff_is_delay_constant_only_56b_core (test_late_level_isolation.PairComposition.test_pair_diff_is_delay_constant_only_56b_core) ... ok
observer-safety	Test Slot B guards and matched reset pair (no device)	2026-09-21T05:57:55.1927821Z test_real_core_assembly_word_layout (test_late_level_isolation.PairComposition.test_real_core_assembly_word_layout) ... ok
observer-safety	Test Slot B guards and matched reset pair (no device)	2026-09-21T05:57:55.1929289Z test_window_agreement_exact (test_late_level_isolation.PairComposition.test_window_agreement_exact) ... ok
observer-safety	Test Slot B guards and matched reset pair (no device)	2026-09-21T05:57:55.1930898Z test_window_agreement_proves_layout_literal_delta (test_late_level_isolation.PairComposition.test_window_agreement_proves_layout_literal_delta) ... ok
observer-safety	Test Slot B guards and matched reset pair (no device)	2026-09-21T05:57:55.2235956Z test_high_falls_back_to_nearest_lower_index (test_late_level_isolation.SelectionPolicy.test_high_falls_back_to_nearest_lower_index) ... ok
observer-safety	Test Slot B guards and matched reset pair (no device)	2026-09-21T05:57:55.2252692Z test_no_safe_target_fails_loudly (test_late_level_isolation.SelectionPolicy.test_no_safe_target_fails_loudly) ... ok
observer-safety	Test Slot B guards and matched reset pair (no device)	2026-09-21T05:57:55.2532605Z test_selected_windows_are_disjoint (test_late_level_isolation.SelectionPolicy.test_selected_windows_are_disjoint) ... ok
observer-safety	Test Slot B guards and matched reset pair (no device)	2026-09-21T05:57:55.2813001Z test_selects_nominal_mid_low_high (test_late_level_isolation.SelectionPolicy.test_selects_nominal_mid_low_high) ... ok
observer-safety	Test Slot B guards and matched reset pair (no device)	2026-09-21T05:57:55.3094984Z test_tie_prefers_lower_index (test_late_level_isolation.SelectionPolicy.test_tie_prefers_lower_index) ... ok
observer-safety	Test Slot B guards and matched reset pair (no device)	2026-09-21T05:57:55.3096864Z test_summary_contains_stage_and_pair_gates (test_late_level_isolation.SummaryKeys.test_summary_contains_stage_and_pair_gates) ... ok
observer-safety	Test Slot B guards and matched reset pair (no device)	2026-09-21T05:57:55.3098401Z test_summary_records_deviation (test_late_level_isolation.SummaryKeys.test_summary_records_deviation) ... ok
observer-safety	Test Slot B guards and matched reset pair (no device)	2026-09-21T05:57:55.3100119Z test_frozen_prior_shas_match_observe_registry (test_late_level_observer_fixtures.FrozenRegistryTests.test_frozen_prior_shas_match_observe_registry) ... ok
observer-safety	Test Slot B guards and matched reset pair (no device)	2026-09-21T05:57:55.3102522Z test_late_level_families_frozen_in_observe_registry (test_late_level_observer_fixtures.FrozenRegistryTests.test_late_level_families_frozen_in_observe_registry) ... ok
observer-safety	Test Slot B guards and matched reset pair (no device)	2026-09-21T05:57:55.3104659Z test_prior_families_exist_in_observe_registry (test_late_level_observer_fixtures.FrozenRegistryTests.test_prior_families_exist_in_observe_registry) ... ok
observer-safety	Test Slot B guards and matched reset pair (no device)	2026-09-21T05:57:55.3106704Z test_frozen_geometry_literals (test_late_level_observer_fixtures.GeometryTests.test_frozen_geometry_literals) ... ok
observer-safety	Test Slot B guards and matched reset pair (no device)	2026-09-21T05:57:55.3110840Z test_geometry_accepts_frozen_window_only (test_late_level_observer_fixtures.GeometryTests.test_geometry_accepts_frozen_window_only) ... ok
observer-safety	Test Slot B guards and matched reset pair (no device)	2026-09-21T05:57:55.3117255Z test_pair_diff_range_is_delay_word (test_late_level_observer_fixtures.GeometryTests.test_pair_diff_range_is_delay_word) ... ok
observer-safety	Test Slot B guards and matched reset pair (no device)	2026-09-21T05:57:55.3118874Z test_selection_deviation_policy (test_late_level_observer_fixtures.GeometryTests.test_selection_deviation_policy) ... ok
observer-safety	Test Slot B guards and matched reset pair (no device)	2026-09-21T05:57:55.3120293Z test_table_identity (test_late_level_observer_fixtures.GeometryTests.test_table_identity) ... ok
observer-safety	Test Slot B guards and matched reset pair (no device)	2026-09-21T05:57:55.3121660Z test_all_identities_frozen (test_late_level_observer_fixtures.IdentityTests.test_all_identities_frozen) ... ok
observer-safety	Test Slot B guards and matched reset pair (no device)	2026-09-21T05:57:55.3130021Z test_exact_identity_only (test_late_level_observer_fixtures.IdentityTests.test_exact_identity_only) ... ok
observer-safety	Test Slot B guards and matched reset pair (no device)	2026-09-21T05:57:55.3131536Z test_non_late_level_cases_rejected (test_late_level_observer_fixtures.IdentityTests.test_non_late_level_cases_rejected) ... ok
observer-safety	Test Slot B guards and matched reset pair (no device)	2026-09-21T05:57:55.3137410Z test_grade_boundaries (test_late_level_observer_fixtures.VerdictTests.test_grade_boundaries) ... ok
observer-safety	Test Slot B guards and matched reset pair (no device)	2026-09-21T05:57:55.3144668Z test_invalid_records_rejected (test_late_level_observer_fixtures.VerdictTests.test_invalid_records_rejected) ... ok
observer-safety	Test Slot B guards and matched reset pair (no device)	2026-09-21T05:57:55.3146774Z test_no_shift_only_records_checkpoint_shift_not_observed (test_late_level_observer_fixtures.VerdictTests.test_no_shift_only_records_checkpoint_shift_not_observed) ... ok
observer-safety	Test Slot B guards and matched reset pair (no device)	2026-09-21T05:57:55.3148709Z test_strong_proves_only_target_entry (test_late_level_observer_fixtures.VerdictTests.test_strong_proves_only_target_entry) ... ok
observer-safety	Test Slot B guards and matched reset pair (no device)	2026-09-21T05:57:55.3157657Z test_boundary_bracket_against_frozen_audit (test_late_level_upper_audit.ArtifactGrounded.test_boundary_bracket_against_frozen_audit) ... skipped 'GHA artifacts not present'
observer-safety	Test Slot B guards and matched reset pair (no device)	2026-09-21T05:57:55.3159712Z test_first_passable_neighbor_is_63 (test_late_level_upper_audit.ArtifactGrounded.test_first_passable_neighbor_is_63) ... skipped 'GHA artifacts not present'
observer-safety	Test Slot B guards and matched reset pair (no device)	2026-09-21T05:57:55.3161601Z test_late_table_frozen_facts (test_late_level_upper_audit.ArtifactGrounded.test_late_table_frozen_facts) ... skipped 'GHA artifacts not present'
observer-safety	Test Slot B guards and matched reset pair (no device)	2026-09-21T05:57:55.3163418Z test_neighbor_order_from_nominal_64 (test_late_level_upper_audit.ArtifactGrounded.test_neighbor_order_from_nominal_64) ... skipped 'GHA artifacts not present'
observer-safety	Test Slot B guards and matched reset pair (no device)	2026-09-21T05:57:55.3165224Z test_nominal_64_is_too_small (test_late_level_upper_audit.ArtifactGrounded.test_nominal_64_is_too_small) ... skipped 'GHA artifacts not present'
observer-safety	Test Slot B guards and matched reset pair (no device)	2026-09-21T05:57:55.3167274Z test_precedent_af_unix_vlan_create_debug (test_late_level_upper_audit.ArtifactGrounded.test_precedent_af_unix_vlan_create_debug) ... skipped 'GHA artifacts not present'
observer-safety	Test Slot B guards and matched reset pair (no device)	2026-09-21T05:57:55.3169141Z test_precedent_chr_dev_init (test_late_level_upper_audit.ArtifactGrounded.test_precedent_chr_dev_init) ... skipped 'GHA artifacts not present'
observer-safety	Test Slot B guards and matched reset pair (no device)	2026-09-21T05:57:55.3170893Z test_precedent_index0_identity (test_late_level_upper_audit.ArtifactGrounded.test_precedent_index0_identity) ... skipped 'GHA artifacts not present'
observer-safety	Test Slot B guards and matched reset pair (no device)	2026-09-21T05:57:55.3172837Z test_precedent_topology_init_requires_160 (test_late_level_upper_audit.ArtifactGrounded.test_precedent_topology_init_requires_160) ... skipped 'GHA artifacts not present'
observer-safety	Test Slot B guards and matched reset pair (no device)	2026-09-21T05:57:55.3174506Z test_completion_rule (test_late_level_upper_audit.BoundaryBracketSynthetic.test_completion_rule) ... ok
observer-safety	Test Slot B guards and matched reset pair (no device)	2026-09-21T05:57:55.3176253Z test_interior_entries_never_imply_completion (test_late_level_upper_audit.BoundaryBracketSynthetic.test_interior_entries_never_imply_completion) ... ok
observer-safety	Test Slot B guards and matched reset pair (no device)	2026-09-21T05:57:55.3177764Z test_waitentry_no_shift_implies_nothing (test_late_level_upper_audit.BoundaryBracketSynthetic.test_waitentry_no_shift_implies_nothing) ... ok
observer-safety	Test Slot B guards and matched reset pair (no device)	2026-09-21T05:57:55.3178695Z test_decoder_shapes (test_late_level_upper_audit.FrozenCoreWords.test_decoder_shapes) ... ok
observer-safety	Test Slot B guards and matched reset pair (no device)	2026-09-21T05:57:55.3179535Z test_pair_diff_matches_frozen_facts (test_late_level_upper_audit.FrozenCoreWords.test_pair_diff_matches_frozen_facts) ... ok
observer-safety	Test Slot B guards and matched reset pair (no device)	2026-09-21T05:57:55.3180362Z test_subsys52_core (test_late_level_upper_audit.FrozenCoreWords.test_subsys52_core) ... ok
observer-safety	Test Slot B guards and matched reset pair (no device)	2026-09-21T05:57:55.3181104Z test_ultracompact_core56 (test_late_level_upper_audit.FrozenCoreWords.test_ultracompact_core56) ... ok
observer-safety	Test Slot B guards and matched reset pair (no device)	2026-09-21T05:57:55.6501216Z test_alternatives_overlap_rejected (test_late_level_upper_audit.SyntheticBrokenFixtures.test_alternatives_overlap_rejected) ... ok
observer-safety	Test Slot B guards and matched reset pair (no device)	2026-09-21T05:57:55.9861529Z test_extable_overlap_rejected (test_late_level_upper_audit.SyntheticBrokenFixtures.test_extable_overlap_rejected) ... ok
observer-safety	Test Slot B guards and matched reset pair (no device)	2026-09-21T05:57:56.3254668Z test_incoming_entry_branch_rejected (test_late_level_upper_audit.SyntheticBrokenFixtures.test_incoming_entry_branch_rejected) ... ok
observer-safety	Test Slot B guards and matched reset pair (no device)	2026-09-21T05:57:56.6560484Z test_incoming_interior_branch_rejected (test_late_level_upper_audit.SyntheticBrokenFixtures.test_incoming_interior_branch_rejected) ... ok
observer-safety	Test Slot B guards and matched reset pair (no device)	2026-09-21T05:57:56.9868324Z test_initcall_table_target_interior_rejected (test_late_level_upper_audit.SyntheticBrokenFixtures.test_initcall_table_target_interior_rejected) ... ok
observer-safety	Test Slot B guards and matched reset pair (no device)	2026-09-21T05:57:57.3221056Z test_initcall_table_word_in_window_rejected (test_late_level_upper_audit.SyntheticBrokenFixtures.test_initcall_table_word_in_window_rejected) ... ok
observer-safety	Test Slot B guards and matched reset pair (no device)	2026-09-21T05:57:57.6573001Z test_interior_symbol_rejected (test_late_level_upper_audit.SyntheticBrokenFixtures.test_interior_symbol_rejected) ... ok
observer-safety	Test Slot B guards and matched reset pair (no device)	2026-09-21T05:57:57.9944970Z test_literal_overlap_rejected (test_late_level_upper_audit.SyntheticBrokenFixtures.test_literal_overlap_rejected) ... ok
observer-safety	Test Slot B guards and matched reset pair (no device)	2026-09-21T05:57:58.3277030Z test_non_paciasp_entry_rejected (test_late_level_upper_audit.SyntheticBrokenFixtures.test_non_paciasp_entry_rejected) ... ok
observer-safety	Test Slot B guards and matched reset pair (no device)	2026-09-21T05:57:58.6584225Z test_relocation_overlap_rejected (test_late_level_upper_audit.SyntheticBrokenFixtures.test_relocation_overlap_rejected) ... ok
observer-safety	Test Slot B guards and matched reset pair (no device)	2026-09-21T05:57:58.6590076Z test_too_small_function_rejected (test_late_level_upper_audit.SyntheticBrokenFixtures.test_too_small_function_rejected) ... ok
observer-safety	Test Slot B guards and matched reset pair (no device)	2026-09-21T05:57:58.9910171Z test_window_crossing_function_end_rejected (test_late_level_upper_audit.SyntheticBrokenFixtures.test_window_crossing_function_end_rejected) ... ok
observer-safety	Test Slot B guards and matched reset pair (no device)	2026-09-21T05:57:59.3319329Z test_60b_configuration_is_rejected_by_closure (test_late_level_upper_audit.SyntheticChrDevInit.test_60b_configuration_is_rejected_by_closure) ... ok
observer-safety	Test Slot B guards and matched reset pair (no device)	2026-09-21T05:57:59.6699710Z test_60b_preference_derives_full_function (test_late_level_upper_audit.SyntheticChrDevInit.test_60b_preference_derives_full_function) ... ok
observer-safety	Test Slot B guards and matched reset pair (no device)	2026-09-21T05:58:00.0101302Z test_frozen_56b_window_configuration_passes (test_late_level_upper_audit.SyntheticChrDevInit.test_frozen_56b_window_configuration_passes) ... ok
observer-safety	Test Slot B guards and matched reset pair (no device)	2026-09-21T05:58:00.0102550Z test_core_mapping (test_late_level_upper_audit.SyntheticIndex0Identity.test_core_mapping) ... ok
observer-safety	Test Slot B guards and matched reset pair (no device)	2026-09-21T05:58:00.3517029Z test_forced_window_60_passes (test_late_level_upper_audit.SyntheticIndex0Identity.test_forced_window_60_passes) ... ok
observer-safety	Test Slot B guards and matched reset pair (no device)	2026-09-21T05:58:00.6953207Z test_identity_selects_window_60_and_passes (test_late_level_upper_audit.SyntheticIndex0Identity.test_identity_selects_window_60_and_passes) ... ok
observer-safety	Test Slot B guards and matched reset pair (no device)	2026-09-21T05:58:01.0493520Z test_selection_requires_160 (test_late_level_upper_audit.SyntheticTopologyInit.test_selection_requires_160) ... ok
observer-safety	Test Slot B guards and matched reset pair (no device)	2026-09-21T05:58:01.3912758Z test_smaller_windows_fail_closure (test_late_level_upper_audit.SyntheticTopologyInit.test_smaller_windows_fail_closure) ... ok
observer-safety	Test Slot B guards and matched reset pair (no device)	2026-09-21T05:58:01.3916788Z test_frozen_high8_identity_pinned (test_late_post43_isolation.DecoderAndIdentity.test_frozen_high8_identity_pinned) ... ok
observer-safety	Test Slot B guards and matched reset pair (no device)	2026-09-21T05:58:01.3928180Z test_frozen_windows_carry_the_four_late_targets (test_late_post43_isolation.DecoderAndIdentity.test_frozen_windows_carry_the_four_late_targets) ... ok
observer-safety	Test Slot B guards and matched reset pair (no device)	2026-09-21T05:58:01.3930833Z test_reference_fixture_present (test_late_post43_isolation.DecoderAndIdentity.test_reference_fixture_present) ... ok
observer-safety	Test Slot B guards and matched reset pair (no device)	2026-09-21T05:58:01.3934046Z test_reference_index0_matches_frozen_identity (test_late_post43_isolation.DecoderAndIdentity.test_reference_index0_matches_frozen_identity) ... ok
observer-safety	Test Slot B guards and matched reset pair (no device)	2026-09-21T05:58:01.3937824Z test_reference_table_prel32_self_consistent (test_late_post43_isolation.DecoderAndIdentity.test_reference_table_prel32_self_consistent) ... ok
observer-safety	Test Slot B guards and matched reset pair (no device)	2026-09-21T05:58:01.3939161Z test_fresh_sha_accepted (test_late_post43_isolation.FrozenPayloadGuard.test_fresh_sha_accepted) ... ok
observer-safety	Test Slot B guards and matched reset pair (no device)	2026-09-21T05:58:01.3940227Z test_frozen_sha_rejected (test_late_post43_isolation.FrozenPayloadGuard.test_frozen_sha_rejected) ... ok
observer-safety	Test Slot B guards and matched reset pair (no device)	2026-09-21T05:58:01.3941005Z test_exact_window (test_late_post43_isolation.LayoutLiteralProof.test_exact_window) ... ok
observer-safety	Test Slot B guards and matched reset pair (no device)	2026-09-21T05:58:01.3942314Z test_non_address_delta_rejected (test_late_post43_isolation.LayoutLiteralProof.test_non_address_delta_rejected) ... ok
observer-safety	Test Slot B guards and matched reset pair (no device)	2026-09-21T05:58:01.3946166Z test_orphan_add_rejected (test_late_post43_isolation.LayoutLiteralProof.test_orphan_add_rejected) ... ok
observer-safety	Test Slot B guards and matched reset pair (no device)	2026-09-21T05:58:01.3948580Z test_same_page_add_imm_delta_verified (test_late_post43_isolation.LayoutLiteralProof.test_same_page_add_imm_delta_verified) ... ok
observer-safety	Test Slot B guards and matched reset pair (no device)	2026-09-21T05:58:01.3983721Z test_member_changes_only_inside_window (test_late_post43_isolation.PairComposition.test_member_changes_only_inside_window) ... ok
observer-safety	Test Slot B guards and matched reset pair (no device)	2026-09-21T05:58:01.4019289Z test_pair_diff_is_delay_constant_only_52b_core (test_late_post43_isolation.PairComposition.test_pair_diff_is_delay_constant_only_52b_core) ... ok
observer-safety	Test Slot B guards and matched reset pair (no device)	2026-09-21T05:58:01.4055534Z test_pair_diff_is_delay_constant_only_56b_core (test_late_post43_isolation.PairComposition.test_pair_diff_is_delay_constant_only_56b_core) ... ok
observer-safety	Test Slot B guards and matched reset pair (no device)	2026-09-21T05:58:01.4150631Z test_bti_c_candidate_rejected_by_round_gate (test_late_post43_isolation.RoundPadGate.test_bti_c_candidate_rejected_by_round_gate) ... ok
observer-safety	Test Slot B guards and matched reset pair (no device)	2026-09-21T05:58:01.4244744Z test_paciasp_candidate_passes_round_gate (test_late_post43_isolation.RoundPadGate.test_paciasp_candidate_passes_round_gate) ... ok
observer-safety	Test Slot B guards and matched reset pair (no device)	2026-09-21T05:58:01.4339536Z test_frozen_indices_never_selected (test_late_post43_isolation.SelectionPolicy.test_frozen_indices_never_selected) ... ok
observer-safety	Test Slot B guards and matched reset pair (no device)	2026-09-21T05:58:01.4341195Z test_frozen_window_overlap_detector (test_late_post43_isolation.SelectionPolicy.test_frozen_window_overlap_detector) ... ok
observer-safety	Test Slot B guards and matched reset pair (no device)	2026-09-21T05:58:01.4711734Z test_frozen_window_overlap_skips_candidate (test_late_post43_isolation.SelectionPolicy.test_frozen_window_overlap_skips_candidate) ... ok
observer-safety	Test Slot B guards and matched reset pair (no device)	2026-09-21T05:58:01.4809616Z test_post43_target_out_of_interval_fails_loudly (test_late_post43_isolation.SelectionPolicy.test_post43_target_out_of_interval_fails_loudly) ... ok
observer-safety	Test Slot B guards and matched reset pair (no device)	2026-09-21T05:58:01.5088434Z test_post60_beyond_63_fails_loudly (test_late_post43_isolation.SelectionPolicy.test_post60_beyond_63_fails_loudly) ... ok
observer-safety	Test Slot B guards and matched reset pair (no device)	2026-09-21T05:58:01.5755741Z test_real_shaped_world_selects_55_with_children_49_and_60 (test_late_post43_isolation.SelectionPolicy.test_real_shaped_world_selects_55_with_children_49_and_60) ... ok
observer-safety	Test Slot B guards and matched reset pair (no device)	2026-09-21T05:58:01.6416943Z test_selected_windows_are_disjoint (test_late_post43_isolation.SelectionPolicy.test_selected_windows_are_disjoint) ... ok
observer-safety	Test Slot B guards and matched reset pair (no device)	2026-09-21T05:58:01.6699953Z test_selects_nominal_with_dynamic_children (test_late_post43_isolation.SelectionPolicy.test_selects_nominal_with_dynamic_children) ... ok
observer-safety	Test Slot B guards and matched reset pair (no device)	2026-09-21T05:58:01.6701445Z test_summary_contains_stage_and_pair_gates (test_late_post43_isolation.SummaryKeys.test_summary_contains_stage_and_pair_gates) ... ok
observer-safety	Test Slot B guards and matched reset pair (no device)	2026-09-21T05:58:01.6702410Z test_summary_records_deviation (test_late_post43_isolation.SummaryKeys.test_summary_records_deviation) ... ok
observer-safety	Test Slot B guards and matched reset pair (no device)	2026-09-21T05:58:01.6770994Z test_adrp_add_into_interior_detected (test_late_post43_isolation.WindowReferenceForensic.test_adrp_add_into_interior_detected) ... ok
observer-safety	Test Slot B guards and matched reset pair (no device)	2026-09-21T05:58:01.7617762Z test_relative_reference_slot_allowed_kallsyms_excluded (test_late_post43_isolation.WindowReferenceForensic.test_relative_reference_slot_allowed_kallsyms_excluded) ... ok
observer-safety	Test Slot B guards and matched reset pair (no device)	2026-09-21T05:58:01.7627035Z test_relr_decode (test_late_post43_isolation.WindowReferenceForensic.test_relr_decode) ... ok
observer-safety	Test Slot B guards and matched reset pair (no device)	2026-09-21T05:58:01.7628723Z test_table_scans_catch_fixup_and_alt_alt_fields (test_late_post43_isolation.WindowReferenceForensic.test_table_scans_catch_fixup_and_alt_alt_fields) ... ok
observer-safety	Test Slot B guards and matched reset pair (no device)	2026-09-21T05:58:01.7630589Z test_frozen_high8_identity_pinned (test_late_post50_isolation.DecoderAndIdentity.test_frozen_high8_identity_pinned) ... ok
observer-safety	Test Slot B guards and matched reset pair (no device)	2026-09-21T05:58:01.7632448Z test_frozen_registry_covers_post43_post49_post60 (test_late_post50_isolation.DecoderAndIdentity.test_frozen_registry_covers_post43_post49_post60) ... ok
observer-safety	Test Slot B guards and matched reset pair (no device)	2026-09-21T05:58:01.7634286Z test_reference_fixture_present (test_late_post50_isolation.DecoderAndIdentity.test_reference_fixture_present) ... ok
observer-safety	Test Slot B guards and matched reset pair (no device)	2026-09-21T05:58:01.7638231Z test_reference_index0_matches_frozen_identity (test_late_post50_isolation.DecoderAndIdentity.test_reference_index0_matches_frozen_identity) ... ok
observer-safety	Test Slot B guards and matched reset pair (no device)	2026-09-21T05:58:01.7642244Z test_reference_rows_49_to_55_match_frozen_interval (test_late_post50_isolation.DecoderAndIdentity.test_reference_rows_49_to_55_match_frozen_interval) ... ok
observer-safety	Test Slot B guards and matched reset pair (no device)	2026-09-21T05:58:01.7646539Z test_reference_table_prel32_self_consistent (test_late_post50_isolation.DecoderAndIdentity.test_reference_table_prel32_self_consistent) ... ok
observer-safety	Test Slot B guards and matched reset pair (no device)	2026-09-21T05:58:01.7648222Z test_fresh_sha_accepted (test_late_post50_isolation.FrozenPayloadGuard.test_fresh_sha_accepted) ... ok
observer-safety	Test Slot B guards and matched reset pair (no device)	2026-09-21T05:58:01.7656688Z test_frozen_sha_rejected (test_late_post50_isolation.FrozenPayloadGuard.test_frozen_sha_rejected) ... ok
observer-safety	Test Slot B guards and matched reset pair (no device)	2026-09-21T05:58:01.7657427Z test_exact_window (test_late_post50_isolation.LayoutLiteralProof.test_exact_window) ... ok
observer-safety	Test Slot B guards and matched reset pair (no device)	2026-09-21T05:58:01.7658180Z test_non_address_delta_rejected (test_late_post50_isolation.LayoutLiteralProof.test_non_address_delta_rejected) ... ok
observer-safety	Test Slot B guards and matched reset pair (no device)	2026-09-21T05:58:01.7658964Z test_orphan_add_rejected (test_late_post50_isolation.LayoutLiteralProof.test_orphan_add_rejected) ... ok
observer-safety	Test Slot B guards and matched reset pair (no device)	2026-09-21T05:58:01.7659798Z test_same_page_add_imm_delta_verified (test_late_post50_isolation.LayoutLiteralProof.test_same_page_add_imm_delta_verified) ... ok
observer-safety	Test Slot B guards and matched reset pair (no device)	2026-09-21T05:58:01.7688024Z test_member_changes_only_inside_window (test_late_post50_isolation.PairComposition.test_member_changes_only_inside_window) ... ok
observer-safety	Test Slot B guards and matched reset pair (no device)	2026-09-21T05:58:01.7722724Z test_pair_diff_is_delay_constant_only_56b_core (test_late_post50_isolation.PairComposition.test_pair_diff_is_delay_constant_only_56b_core) ... ok
observer-safety	Test Slot B guards and matched reset pair (no device)	2026-09-21T05:58:01.7815975Z test_bti_c_candidate_rejected_by_round_gate (test_late_post50_isolation.RoundPadGate.test_bti_c_candidate_rejected_by_round_gate) ... ok
observer-safety	Test Slot B guards and matched reset pair (no device)	2026-09-21T05:58:01.7908967Z test_paciasp_candidate_passes_round_gate (test_late_post50_isolation.RoundPadGate.test_paciasp_candidate_passes_round_gate) ... ok
observer-safety	Test Slot B guards and matched reset pair (no device)	2026-09-21T05:58:01.8184676Z test_frozen_indices_never_selected (test_late_post50_isolation.SelectionPolicy.test_frozen_indices_never_selected) ... ok
observer-safety	Test Slot B guards and matched reset pair (no device)	2026-09-21T05:58:01.8186161Z test_frozen_window_overlap_detector (test_late_post50_isolation.SelectionPolicy.test_frozen_window_overlap_detector) ... ok
observer-safety	Test Slot B guards and matched reset pair (no device)	2026-09-21T05:58:01.8368843Z test_frozen_window_overlap_skips_candidate (test_late_post50_isolation.SelectionPolicy.test_frozen_window_overlap_skips_candidate) ... ok
observer-safety	Test Slot B guards and matched reset pair (no device)	2026-09-21T05:58:01.8466747Z test_post50_target_out_of_interval_fails_loudly (test_late_post50_isolation.SelectionPolicy.test_post50_target_out_of_interval_fails_loudly) ... ok
observer-safety	Test Slot B guards and matched reset pair (no device)	2026-09-21T05:58:01.8658014Z test_real_shaped_world_selects_50_after_midpoint_walk (test_late_post50_isolation.SelectionPolicy.test_real_shaped_world_selects_50_after_midpoint_walk) ... ok
observer-safety	Test Slot B guards and matched reset pair (no device)	2026-09-21T05:58:01.8869963Z test_selected_window_disjoint_from_frozen_late_windows (test_late_post50_isolation.SelectionPolicy.test_selected_window_disjoint_from_frozen_late_windows) ... ok
observer-safety	Test Slot B guards and matched reset pair (no device)	2026-09-21T05:58:01.8964317Z test_selects_nominal_52_in_synthetic_world (test_late_post50_isolation.SelectionPolicy.test_selects_nominal_52_in_synthetic_world) ... ok
observer-safety	Test Slot B guards and matched reset pair (no device)	2026-09-21T05:58:01.8966405Z test_summary_contains_stage_and_pair_gates (test_late_post50_isolation.SummaryKeys.test_summary_contains_stage_and_pair_gates) ... ok
observer-safety	Test Slot B guards and matched reset pair (no device)	2026-09-21T05:58:01.8967989Z test_summary_records_deviation (test_late_post50_isolation.SummaryKeys.test_summary_records_deviation) ... ok
observer-safety	Test Slot B guards and matched reset pair (no device)	2026-09-21T05:58:01.9035009Z test_adrp_add_into_interior_detected (test_late_post50_isolation.WindowReferenceForensic.test_adrp_add_into_interior_detected) ... ok
observer-safety	Test Slot B guards and matched reset pair (no device)	2026-09-21T05:58:01.9863843Z test_relative_reference_slot_allowed_kallsyms_excluded (test_late_post50_isolation.WindowReferenceForensic.test_relative_reference_slot_allowed_kallsyms_excluded) ... ok
observer-safety	Test Slot B guards and matched reset pair (no device)	2026-09-21T05:58:01.9865901Z test_relr_decode (test_late_post50_isolation.WindowReferenceForensic.test_relr_decode) ... ok
observer-safety	Test Slot B guards and matched reset pair (no device)	2026-09-21T05:58:01.9868588Z test_table_scans_catch_fixup_and_alt_alt_fields (test_late_post50_isolation.WindowReferenceForensic.test_table_scans_catch_fixup_and_alt_alt_fields) ... ok
observer-safety	Test Slot B guards and matched reset pair (no device)	2026-09-21T05:58:02.2506625Z test_bti_c_and_bti_j_pads_rejected (test_late_text54_exception.AuditGates.test_bti_c_and_bti_j_pads_rejected) ... ok
observer-safety	Test Slot B guards and matched reset pair (no device)	2026-09-21T05:58:02.3482238Z test_diff_index_same_symbol_rejected (test_late_text54_exception.AuditGates.test_diff_index_same_symbol_rejected) ... ok
observer-safety	Test Slot B guards and matched reset pair (no device)	2026-09-21T05:58:02.4937062Z test_entry_incoming_branch_rejected (test_late_text54_exception.AuditGates.test_entry_incoming_branch_rejected) ... ok
observer-safety	Test Slot B guards and matched reset pair (no device)	2026-09-21T05:58:02.5917599Z test_init_text_target_still_accepted_without_exception (test_late_text54_exception.AuditGates.test_init_text_target_still_accepted_without_exception) ... ok
observer-safety	Test Slot B guards and matched reset pair (no device)	2026-09-21T05:58:02.7366891Z test_interior_incoming_branch_rejected (test_late_text54_exception.AuditGates.test_interior_incoming_branch_rejected) ... ok
observer-safety	Test Slot B guards and matched reset pair (no device)	2026-09-21T05:58:02.8396808Z test_pinned_target_passes_every_gate (test_late_text54_exception.AuditGates.test_pinned_target_passes_every_gate) ... ok
observer-safety	Test Slot B guards and matched reset pair (no device)	2026-09-21T05:58:02.9386248Z test_runtime_rewrite_overlap_rejected (test_late_text54_exception.AuditGates.test_runtime_rewrite_overlap_rejected) ... ok
observer-safety	Test Slot B guards and matched reset pair (no device)	2026-09-21T05:58:03.0363183Z test_same_section_diff_va_rejected (test_late_text54_exception.AuditGates.test_same_section_diff_va_rejected) ... ok
observer-safety	Test Slot B guards and matched reset pair (no device)	2026-09-21T05:58:03.1347553Z test_section_window_cross_rejected (test_late_text54_exception.AuditGates.test_section_window_cross_rejected) ... ok
observer-safety	Test Slot B guards and matched reset pair (no device)	2026-09-21T05:58:03.2359517Z test_symbol_inside_window_rejected (test_late_text54_exception.AuditGates.test_symbol_inside_window_rejected) ... ok
observer-safety	Test Slot B guards and matched reset pair (no device)	2026-09-21T05:58:03.3336112Z test_unmatched_text_symbol_rejected (test_late_text54_exception.AuditGates.test_unmatched_text_symbol_rejected) ... ok
observer-safety	Test Slot B guards and matched reset pair (no device)	2026-09-21T05:58:03.5054434Z test_window_past_function_end_rejected (test_late_text54_exception.AuditGates.test_window_past_function_end_rejected) ... ok
observer-safety	Test Slot B guards and matched reset pair (no device)	2026-09-21T05:58:03.5056648Z test_composed_branch_outside_window_rejected (test_late_text54_exception.Composition.test_composed_branch_outside_window_rejected) ... ok
observer-safety	Test Slot B guards and matched reset pair (no device)	2026-09-21T05:58:03.5058577Z test_composed_window_identity_and_control_flow (test_late_text54_exception.Composition.test_composed_window_identity_and_control_flow) ... ok
observer-safety	Test Slot B guards and matched reset pair (no device)	2026-09-21T05:58:03.5060256Z test_core_word_drift_rejected (test_late_text54_exception.Composition.test_core_word_drift_rejected) ... ok
observer-safety	Test Slot B guards and matched reset pair (no device)	2026-09-21T05:58:03.5061707Z test_entry_pad_rewritten_rejected (test_late_text54_exception.Composition.test_entry_pad_rewritten_rejected) ... ok
observer-safety	Test Slot B guards and matched reset pair (no device)	2026-09-21T05:58:03.5063263Z test_frozen_entry_not_paciasp_rejected (test_late_text54_exception.Composition.test_frozen_entry_not_paciasp_rejected) ... ok
observer-safety	Test Slot B guards and matched reset pair (no device)	2026-09-21T05:58:03.5064761Z test_indirect_call_rejected (test_late_text54_exception.Composition.test_indirect_call_rejected) ... ok
observer-safety	Test Slot B guards and matched reset pair (no device)	2026-09-21T05:58:03.5066514Z test_loop_head_drift_rejected (test_late_text54_exception.Composition.test_loop_head_drift_rejected) ... ok
observer-safety	Test Slot B guards and matched reset pair (no device)	2026-09-21T05:58:03.5068462Z test_pac_hint_rejected (test_late_text54_exception.Composition.test_pac_hint_rejected) ... ok
observer-safety	Test Slot B guards and matched reset pair (no device)	2026-09-21T05:58:03.5069988Z test_ret_in_diagnostic_path_rejected (test_late_text54_exception.Composition.test_ret_in_diagnostic_path_rejected) ... ok
observer-safety	Test Slot B guards and matched reset pair (no device)	2026-09-21T05:58:03.5071760Z test_semantics_tokens_record_tail_containment (test_late_text54_exception.Composition.test_semantics_tokens_record_tail_containment) ... ok
observer-safety	Test Slot B guards and matched reset pair (no device)	2026-09-21T05:58:03.5073611Z test_terminal_word_corruption_rejected (test_late_text54_exception.Composition.test_terminal_word_corruption_rejected) ... ok
observer-safety	Test Slot B guards and matched reset pair (no device)	2026-09-21T05:58:03.5075490Z test_allowlist_is_a_single_literal_slot (test_late_text54_exception.ExceptionScope.test_allowlist_is_a_single_literal_slot) ... ok
observer-safety	Test Slot B guards and matched reset pair (no device)	2026-09-21T05:58:03.5077249Z test_allowlist_never_covers_index53_or_init_text (test_late_text54_exception.ExceptionScope.test_allowlist_never_covers_index53_or_init_text) ... ok
observer-safety	Test Slot B guards and matched reset pair (no device)	2026-09-21T05:58:03.5079025Z test_exception_requires_all_four_fields (test_late_text54_exception.ExceptionScope.test_exception_requires_all_four_fields) ... ok
observer-safety	Test Slot B guards and matched reset pair (no device)	2026-09-21T05:58:03.5080704Z test_generic_text_switch_rejected (test_late_text54_exception.ExceptionScope.test_generic_text_switch_rejected) ... ok
observer-safety	Test Slot B guards and matched reset pair (no device)	2026-09-21T05:58:03.5082308Z test_index53_slot_cannot_be_smuggled_in (test_late_text54_exception.ExceptionScope.test_index53_slot_cannot_be_smuggled_in) ... ok
observer-safety	Test Slot B guards and matched reset pair (no device)	2026-09-21T05:58:03.5084377Z test_multi_slot_allowlist_rejected (test_late_text54_exception.ExceptionScope.test_multi_slot_allowlist_rejected) ... ok
observer-safety	Test Slot B guards and matched reset pair (no device)	2026-09-21T05:58:03.5387721Z test_probe_fails_when_pinned_slot_is_not_text (test_late_text54_exception.NonGeneralization.test_probe_fails_when_pinned_slot_is_not_text) ... ok
observer-safety	Test Slot B guards and matched reset pair (no device)	2026-09-21T05:58:03.7860720Z test_probe_rejects_every_adversarial_neighbour (test_late_text54_exception.NonGeneralization.test_probe_rejects_every_adversarial_neighbour) ... ok
observer-safety	Test Slot B guards and matched reset pair (no device)	2026-09-21T05:58:03.7862693Z test_delay_word_slot_matches_frozen_core (test_late_text54_exception.PairSemantics.test_delay_word_slot_matches_frozen_core) ... ok
observer-safety	Test Slot B guards and matched reset pair (no device)	2026-09-21T05:58:03.7864381Z test_entry_pad_modification_rejected (test_late_text54_exception.PairSemantics.test_entry_pad_modification_rejected) ... ok
observer-safety	Test Slot B guards and matched reset pair (no device)	2026-09-21T05:58:03.7866130Z test_extra_pair_diff_rejected (test_late_text54_exception.PairSemantics.test_extra_pair_diff_rejected) ... ok
observer-safety	Test Slot B guards and matched reset pair (no device)	2026-09-21T05:58:03.7867885Z test_inline_only_payload_has_no_branch_leaving_the_window (test_late_text54_exception.PairSemantics.test_inline_only_payload_has_no_branch_leaving_the_window) ... ok
observer-safety	Test Slot B guards and matched reset pair (no device)	2026-09-21T05:58:03.7869703Z test_live_geometry_pair_diff_offsets (test_late_text54_exception.PairSemantics.test_live_geometry_pair_diff_offsets) ... ok
observer-safety	Test Slot B guards and matched reset pair (no device)	2026-09-21T05:58:03.7901847Z test_member_changes_only_inside_window (test_late_text54_exception.PairSemantics.test_member_changes_only_inside_window) ... ok
observer-safety	Test Slot B guards and matched reset pair (no device)	2026-09-21T05:58:03.7903573Z test_member_changes_outside_window_rejected (test_late_text54_exception.PairSemantics.test_member_changes_outside_window_rejected) ... ok
observer-safety	Test Slot B guards and matched reset pair (no device)	2026-09-21T05:58:03.7937368Z test_pair_diff_is_delay_constant_only (test_late_text54_exception.PairSemantics.test_pair_diff_is_delay_constant_only) ... ok
observer-safety	Test Slot B guards and matched reset pair (no device)	2026-09-21T05:58:03.7939688Z test_prel32_change_rejected_and_unchanged_accepted (test_late_text54_exception.PairSemantics.test_prel32_change_rejected_and_unchanged_accepted) ... ok
observer-safety	Test Slot B guards and matched reset pair (no device)	2026-09-21T05:58:03.8263892Z test_pinned_function_size_drift_rejected (test_late_text54_exception.PinDrift.test_pinned_function_size_drift_rejected) ... ok
observer-safety	Test Slot B guards and matched reset pair (no device)	2026-09-21T05:58:03.8581099Z test_pinned_slot_must_be_text_section (test_late_text54_exception.PinDrift.test_pinned_slot_must_be_text_section) ... ok
observer-safety	Test Slot B guards and matched reset pair (no device)	2026-09-21T05:58:03.8903479Z test_pinned_table_word_drift_rejected (test_late_text54_exception.PinDrift.test_pinned_table_word_drift_rejected) ... ok
observer-safety	Test Slot B guards and matched reset pair (no device)	2026-09-21T05:58:03.9924569Z test_pinned_target_passes_and_reports_window (test_late_text54_exception.PinDrift.test_pinned_target_passes_and_reports_window) ... ok
observer-safety	Test Slot B guards and matched reset pair (no device)	2026-09-21T05:58:04.0243646Z test_pinned_target_va_drift_rejected (test_late_text54_exception.PinDrift.test_pinned_target_va_drift_rejected) ... ok
observer-safety	Test Slot B guards and matched reset pair (no device)	2026-09-21T05:58:04.0248733Z test_enriched_map_row_54_is_text_not_init_text (test_late_text54_exception.PinnedIdentity.test_enriched_map_row_54_is_text_not_init_text) ... ok
observer-safety	Test Slot B guards and matched reset pair (no device)	2026-09-21T05:58:04.0250318Z test_fresh_payload_sha_accepted (test_late_text54_exception.PinnedIdentity.test_fresh_payload_sha_accepted) ... ok
observer-safety	Test Slot B guards and matched reset pair (no device)	2026-09-21T05:58:04.0251442Z test_frozen_payload_sha_rejected (test_late_text54_exception.PinnedIdentity.test_frozen_payload_sha_rejected) ... ok
observer-safety	Test Slot B guards and matched reset pair (no device)	2026-09-21T05:58:04.0252482Z test_frozen_registry_covers_post50_additively (test_late_text54_exception.PinnedIdentity.test_frozen_registry_covers_post50_additively) ... ok
observer-safety	Test Slot B guards and matched reset pair (no device)	2026-09-21T05:58:04.0253534Z test_frozen_window_overlap_detector (test_late_text54_exception.PinnedIdentity.test_frozen_window_overlap_detector) ... ok
observer-safety	Test Slot B guards and matched reset pair (no device)	2026-09-21T05:58:04.0254451Z test_pinned_target_constants (test_late_text54_exception.PinnedIdentity.test_pinned_target_constants) ... ok
observer-safety	Test Slot B guards and matched reset pair (no device)	2026-09-21T05:58:04.0256145Z test_reference_row_54_matches_frozen_identity (test_late_text54_exception.PinnedIdentity.test_reference_row_54_matches_frozen_identity) ... ok
observer-safety	Test Slot B guards and matched reset pair (no device)	2026-09-21T05:58:04.0257754Z test_target_window_disjoint_from_every_frozen_window (test_late_text54_exception.PinnedIdentity.test_target_window_disjoint_from_every_frozen_window) ... ok
observer-safety	Test Slot B guards and matched reset pair (no device)	2026-09-21T05:58:04.0374575Z test_extra_window_reference_rejected (test_late_text54_exception.ReferenceClosure.test_extra_window_reference_rejected) ... ok
observer-safety	Test Slot B guards and matched reset pair (no device)	2026-09-21T05:58:04.0420229Z test_missing_slot_rejected (test_late_text54_exception.ReferenceClosure.test_missing_slot_rejected) ... ok
observer-safety	Test Slot B guards and matched reset pair (no device)	2026-09-21T05:58:04.0538212Z test_relative_reference_census_partitions_window_and_tail (test_late_text54_exception.ReferenceClosure.test_relative_reference_census_partitions_window_and_tail) ... ok
observer-safety	Test Slot B guards and matched reset pair (no device)	2026-09-21T05:58:04.0539969Z test_window_larger_than_function_rejected (test_late_text54_exception.ReferenceClosure.test_window_larger_than_function_rejected) ... ok
observer-safety	Test Slot B guards and matched reset pair (no device)	2026-09-21T05:58:04.0541722Z test_frozen_families_unmodified_token (test_late_text54_exception.SummarySurface.test_frozen_families_unmodified_token) ... ok
observer-safety	Test Slot B guards and matched reset pair (no device)	2026-09-21T05:58:04.0543098Z test_no_delete_calls_anywhere (test_late_text54_exception.SummarySurface.test_no_delete_calls_anywhere) ... ok
observer-safety	Test Slot B guards and matched reset pair (no device)	2026-09-21T05:58:04.0544331Z test_summary_keys_emitted_dynamically (test_late_text54_exception.SummarySurface.test_summary_keys_emitted_dynamically) ... ok
observer-safety	Test Slot B guards and matched reset pair (no device)	2026-09-21T05:58:04.0546003Z test_summary_literal_gates_present (test_late_text54_exception.SummarySurface.test_summary_literal_gates_present) ... ok
observer-safety	Test Slot B guards and matched reset pair (no device)	2026-09-21T05:58:04.0547050Z test_fixtures_registry_matches_observe (test_late_text54_observer_fixtures.FrozenRegistryTests.test_fixtures_registry_matches_observe) ... ok
observer-safety	Test Slot B guards and matched reset pair (no device)	2026-09-21T05:58:04.0548763Z test_identity_is_frozen_shape_and_not_a_placeholder (test_late_text54_observer_fixtures.FrozenRegistryTests.test_identity_is_frozen_shape_and_not_a_placeholder) ... ok
observer-safety	Test Slot B guards and matched reset pair (no device)	2026-09-21T05:58:04.0550158Z test_text54_registered_in_observe (test_late_text54_observer_fixtures.FrozenRegistryTests.test_text54_registered_in_observe) ... ok
observer-safety	Test Slot B guards and matched reset pair (no device)	2026-09-21T05:58:04.0551177Z test_frozen_geometry_literals (test_late_text54_observer_fixtures.GeometryTests.test_frozen_geometry_literals) ... ok
observer-safety	Test Slot B guards and matched reset pair (no device)	2026-09-21T05:58:04.0552388Z test_geometry_accepts_frozen_window_only (test_late_text54_observer_fixtures.GeometryTests.test_geometry_accepts_frozen_window_only) ... ok
observer-safety	Test Slot B guards and matched reset pair (no device)	2026-09-21T05:58:04.0558727Z test_pad_class_negatives (test_late_text54_observer_fixtures.GeometryTests.test_pad_class_negatives) ... ok
observer-safety	Test Slot B guards and matched reset pair (no device)	2026-09-21T05:58:04.0560313Z test_pair_diff_range_is_delay_word (test_late_text54_observer_fixtures.GeometryTests.test_pair_diff_range_is_delay_word) ... ok
observer-safety	Test Slot B guards and matched reset pair (no device)	2026-09-21T05:58:04.0561823Z test_selection_policy (test_late_text54_observer_fixtures.GeometryTests.test_selection_policy) ... ok
observer-safety	Test Slot B guards and matched reset pair (no device)	2026-09-21T05:58:04.0564996Z test_table_drift_negatives (test_late_text54_observer_fixtures.GeometryTests.test_table_drift_negatives) ... ok
observer-safety	Test Slot B guards and matched reset pair (no device)	2026-09-21T05:58:04.0566534Z test_table_identity (test_late_text54_observer_fixtures.GeometryTests.test_table_identity) ... ok
observer-safety	Test Slot B guards and matched reset pair (no device)	2026-09-21T05:58:04.0598042Z test_cross_identity_rejection_scale (test_late_text54_observer_fixtures.IdentityTests.test_cross_identity_rejection_scale) ... ok
observer-safety	Test Slot B guards and matched reset pair (no device)	2026-09-21T05:58:04.0600873Z test_exact_identity_only (test_late_text54_observer_fixtures.IdentityTests.test_exact_identity_only) ... ok
observer-safety	Test Slot B guards and matched reset pair (no device)	2026-09-21T05:58:04.0614157Z test_named_cross_family_identities_rejected (test_late_text54_observer_fixtures.IdentityTests.test_named_cross_family_identities_rejected) ... ok
observer-safety	Test Slot B guards and matched reset pair (no device)	2026-09-21T05:58:04.0617172Z test_non_text54_cases_rejected (test_late_text54_observer_fixtures.IdentityTests.test_non_text54_cases_rejected) ... ok
observer-safety	Test Slot B guards and matched reset pair (no device)	2026-09-21T05:58:04.0618765Z test_one_byte_mutants_rejected (test_late_text54_observer_fixtures.IdentityTests.test_one_byte_mutants_rejected) ... ok
observer-safety	Test Slot B guards and matched reset pair (no device)	2026-09-21T05:58:04.0620161Z test_authoritative_identity_survives_the_predicate (test_late_text54_observer_fixtures.PlaceholderRejectionTests.test_authoritative_identity_survives_the_predicate) ... ok
observer-safety	Test Slot B guards and matched reset pair (no device)	2026-09-21T05:58:04.0622513Z test_frozen_gate_rejects_non_hex_and_bad_length (test_late_text54_observer_fixtures.PlaceholderRejectionTests.test_frozen_gate_rejects_non_hex_and_bad_length) ... ok
observer-safety	Test Slot B guards and matched reset pair (no device)	2026-09-21T05:58:04.0624211Z test_malformed_and_non_string_rejected (test_late_text54_observer_fixtures.PlaceholderRejectionTests.test_malformed_and_non_string_rejected) ... ok
observer-safety	Test Slot B guards and matched reset pair (no device)	2026-09-21T05:58:04.0626427Z test_registry_disagreement_is_refused (test_late_text54_observer_fixtures.PlaceholderRejectionTests.test_registry_disagreement_is_refused) ... ok
observer-safety	Test Slot B guards and matched reset pair (no device)	2026-09-21T05:58:04.0627953Z test_require_authoritative_refuses_a_placeholder_constant (test_late_text54_observer_fixtures.PlaceholderRejectionTests.test_require_authoritative_refuses_a_placeholder_constant) ... ok
observer-safety	Test Slot B guards and matched reset pair (no device)	2026-09-21T05:58:04.0629474Z test_valid_hex_placeholders_and_sentinels_rejected (test_late_text54_observer_fixtures.PlaceholderRejectionTests.test_valid_hex_placeholders_and_sentinels_rejected) ... ok
observer-safety	Test Slot B guards and matched reset pair (no device)	2026-09-21T05:58:04.0632522Z test_grade_boundaries (test_late_text54_observer_fixtures.VerdictTests.test_grade_boundaries) ... ok
observer-safety	Test Slot B guards and matched reset pair (no device)	2026-09-21T05:58:04.0638763Z test_invalid_records_rejected (test_late_text54_observer_fixtures.VerdictTests.test_invalid_records_rejected) ... ok
observer-safety	Test Slot B guards and matched reset pair (no device)	2026-09-21T05:58:04.0640444Z test_no_shift_records_checkpoint_shift_not_observed_only (test_late_text54_observer_fixtures.VerdictTests.test_no_shift_records_checkpoint_shift_not_observed_only) ... ok
observer-safety	Test Slot B guards and matched reset pair (no device)	2026-09-21T05:58:04.0642201Z test_strong_proves_only_text54_entry (test_late_text54_observer_fixtures.VerdictTests.test_strong_proves_only_text54_entry) ... ok
observer-safety	Test Slot B guards and matched reset pair (no device)	2026-09-21T05:58:04.0643558Z test_existing_fs_complete_contract_is_untouched (test_level6_earliest_inline.RegistryContract.test_existing_fs_complete_contract_is_untouched) ... ok
observer-safety	Test Slot B guards and matched reset pair (no device)	2026-09-21T05:58:04.0644556Z test_inline_only_never_permits_a_trampoline (test_level6_earliest_inline.RegistryContract.test_inline_only_never_permits_a_trampoline) ... ok
observer-safety	Test Slot B guards and matched reset pair (no device)	2026-09-21T05:58:04.0646775Z test_symbol_registered_everywhere_fs_complete_is (test_level6_earliest_inline.RegistryContract.test_symbol_registered_everywhere_fs_complete_is) ... ok
observer-safety	Test Slot B guards and matched reset pair (no device)	2026-09-21T05:58:04.0648018Z test_52b_core_selected_when_function_is_56_bytes (test_level6_earliest_inline.SelectionInvariants.test_52b_core_selected_when_function_is_56_bytes) ... ok
observer-safety	Test Slot B guards and matched reset pair (no device)	2026-09-21T05:58:04.0649765Z test_cfg_not_closed_advances_to_next_entry (test_level6_earliest_inline.SelectionInvariants.test_cfg_not_closed_advances_to_next_entry) ... ok
observer-safety	Test Slot B guards and matched reset pair (no device)	2026-09-21T05:58:04.0651452Z test_no_safe_target_reports_not_ready (test_level6_earliest_inline.SelectionInvariants.test_no_safe_target_reports_not_ready) ... ok
observer-safety	Test Slot B guards and matched reset pair (no device)	2026-09-21T05:58:04.0653073Z test_rejects_empty_span_and_zero_scan_limit (test_level6_earliest_inline.SelectionInvariants.test_rejects_empty_span_and_zero_scan_limit) ... ok
observer-safety	Test Slot B guards and matched reset pair (no device)	2026-09-21T05:58:04.0654021Z test_scan_limit_excludes_later_entries (test_level6_earliest_inline.SelectionInvariants.test_scan_limit_excludes_later_entries) ... ok
observer-safety	Test Slot B guards and matched reset pair (no device)	2026-09-21T05:58:04.0655014Z test_selects_earliest_entry_after_too_small_prefix (test_level6_earliest_inline.SelectionInvariants.test_selects_earliest_entry_after_too_small_prefix) ... ok
observer-safety	Test Slot B guards and matched reset pair (no device)	2026-09-21T05:58:04.0680732Z test_backward_branch_grows_window_to_cover_source (test_level6_earliest_inline.WindowAuditInvariants.test_backward_branch_grows_window_to_cover_source) ... ok
observer-safety	Test Slot B guards and matched reset pair (no device)	2026-09-21T05:58:04.0710663Z test_cfg_closed_window_accepts_60_bytes (test_level6_earliest_inline.WindowAuditInvariants.test_cfg_closed_window_accepts_60_bytes) ... ok
observer-safety	Test Slot B guards and matched reset pair (no device)	2026-09-21T05:58:04.0740722Z test_incoming_entry_branch_rejects_window (test_level6_earliest_inline.WindowAuditInvariants.test_incoming_entry_branch_rejects_window) ... ok
observer-safety	Test Slot B guards and matched reset pair (no device)	2026-09-21T05:58:04.0771076Z test_incoming_interior_branch_rejects_window (test_level6_earliest_inline.WindowAuditInvariants.test_incoming_interior_branch_rejects_window) ... ok
observer-safety	Test Slot B guards and matched reset pair (no device)	2026-09-21T05:58:04.0772954Z test_frozen_level_counts_match_spec (test_level7_earliest_inline.FrozenSpanCounts.test_frozen_level_counts_match_spec) ... ok
observer-safety	Test Slot B guards and matched reset pair (no device)	2026-09-21T05:58:04.0774082Z test_existing_level6_contract_is_untouched (test_level7_earliest_inline.RegistryContract.test_existing_level6_contract_is_untouched) ... ok
observer-safety	Test Slot B guards and matched reset pair (no device)	2026-09-21T05:58:04.0775174Z test_inline_only_never_permits_a_trampoline (test_level7_earliest_inline.RegistryContract.test_inline_only_never_permits_a_trampoline) ... ok
observer-safety	Test Slot B guards and matched reset pair (no device)	2026-09-21T05:58:04.0777173Z test_symbol_registered_everywhere_fs_complete_is (test_level7_earliest_inline.RegistryContract.test_symbol_registered_everywhere_fs_complete_is) ... ok
observer-safety	Test Slot B guards and matched reset pair (no device)	2026-09-21T05:58:04.0778799Z test_52b_core_selected_when_function_is_56_bytes (test_level7_earliest_inline.SelectionInvariants.test_52b_core_selected_when_function_is_56_bytes) ... ok
observer-safety	Test Slot B guards and matched reset pair (no device)	2026-09-21T05:58:04.0779810Z test_cfg_not_closed_advances_to_next_entry (test_level7_earliest_inline.SelectionInvariants.test_cfg_not_closed_advances_to_next_entry) ... ok
observer-safety	Test Slot B guards and matched reset pair (no device)	2026-09-21T05:58:04.0780724Z test_no_safe_target_reports_not_ready (test_level7_earliest_inline.SelectionInvariants.test_no_safe_target_reports_not_ready) ... ok
observer-safety	Test Slot B guards and matched reset pair (no device)	2026-09-21T05:58:04.0781661Z test_rejects_empty_span_and_zero_scan_limit (test_level7_earliest_inline.SelectionInvariants.test_rejects_empty_span_and_zero_scan_limit) ... ok
observer-safety	Test Slot B guards and matched reset pair (no device)	2026-09-21T05:58:04.0782603Z test_scan_limit_excludes_later_entries (test_level7_earliest_inline.SelectionInvariants.test_scan_limit_excludes_later_entries) ... ok
observer-safety	Test Slot B guards and matched reset pair (no device)	2026-09-21T05:58:04.0796562Z test_selects_earliest_entry_after_too_small_prefix (test_level7_earliest_inline.SelectionInvariants.test_selects_earliest_entry_after_too_small_prefix) ... ok
observer-safety	Test Slot B guards and matched reset pair (no device)	2026-09-21T05:58:04.0809508Z test_backward_branch_grows_window_to_cover_source (test_level7_earliest_inline.WindowAuditInvariants.test_backward_branch_grows_window_to_cover_source) ... ok
observer-safety	Test Slot B guards and matched reset pair (no device)	2026-09-21T05:58:04.0840567Z test_cfg_closed_window_accepts_60_bytes (test_level7_earliest_inline.WindowAuditInvariants.test_cfg_closed_window_accepts_60_bytes) ... ok
observer-safety	Test Slot B guards and matched reset pair (no device)	2026-09-21T05:58:04.0870268Z test_incoming_entry_branch_rejects_window (test_level7_earliest_inline.WindowAuditInvariants.test_incoming_entry_branch_rejects_window) ... ok
observer-safety	Test Slot B guards and matched reset pair (no device)	2026-09-21T05:58:04.0899861Z test_incoming_interior_branch_rejects_window (test_level7_earliest_inline.WindowAuditInvariants.test_incoming_interior_branch_rejects_window) ... ok
observer-safety	Test Slot B guards and matched reset pair (no device)	2026-09-21T05:58:04.0928438Z test_window_audit_60b_function_returns_ultracompact_arch (test_level7_earliest_inline.WindowAuditInvariants.test_window_audit_60b_function_returns_ultracompact_arch) ... ok
observer-safety	Test Slot B guards and matched reset pair (no device)	2026-09-21T05:58:04.0931318Z test_btic51_invalid_records_rejected (test_observe.Btic51PairTests.test_btic51_invalid_records_rejected) ... ok
observer-safety	Test Slot B guards and matched reset pair (no device)	2026-09-21T05:58:04.0933222Z test_btic51_no_shift_records_checkpoint_only (test_observe.Btic51PairTests.test_btic51_no_shift_records_checkpoint_only) ... ok
observer-safety	Test Slot B guards and matched reset pair (no device)	2026-09-21T05:58:04.0934791Z test_btic51_pair_proves_only_btic51_entry (test_observe.Btic51PairTests.test_btic51_pair_proves_only_btic51_entry) ... ok
observer-safety	Test Slot B guards and matched reset pair (no device)	2026-09-21T05:58:04.0936008Z test_btic51_pair_routes_are_registered (test_observe.Btic51PairTests.test_btic51_pair_routes_are_registered) ... ok
observer-safety	Test Slot B guards and matched reset pair (no device)	2026-09-21T05:58:04.0937067Z test_btic51_supported_grade_is_strongly_supported (test_observe.Btic51PairTests.test_btic51_supported_grade_is_strongly_supported) ... ok
observer-safety	Test Slot B guards and matched reset pair (no device)	2026-09-21T05:58:04.0938735Z test_btic51_unfrozen_identities_are_not_live_images (test_observe.Btic51PairTests.test_btic51_unfrozen_identities_are_not_live_images) ... ok
observer-safety	Test Slot B guards and matched reset pair (no device)	2026-09-21T05:58:04.0939814Z test_arch_geometry_rejects_sixty_byte_window (test_observe.SafetyTests.test_arch_geometry_rejects_sixty_byte_window) ... ok
observer-safety	Test Slot B guards and matched reset pair (no device)	2026-09-21T05:58:04.0941056Z test_arch_member_full_sha_gates_are_distinct (test_observe.SafetyTests.test_arch_member_full_sha_gates_are_distinct) ... ok
observer-safety	Test Slot B guards and matched reset pair (no device)	2026-09-21T05:58:04.0942218Z test_arch_pair_proof_boundary_and_no_shift_route (test_observe.SafetyTests.test_arch_pair_proof_boundary_and_no_shift_route) ... ok
observer-safety	Test Slot B guards and matched reset pair (no device)	2026-09-21T05:58:04.0943160Z test_context_requires_readback_and_a_protection (test_observe.SafetyTests.test_context_requires_readback_and_a_protection) ... ok
observer-safety	Test Slot B guards and matched reset pair (no device)	2026-09-21T05:58:04.0944067Z test_core_member_full_sha_gates_are_distinct (test_observe.SafetyTests.test_core_member_full_sha_gates_are_distinct) ... ok
observer-safety	Test Slot B guards and matched reset pair (no device)	2026-09-21T05:58:04.0944986Z test_core_pair_proof_boundary_and_no_shift_route (test_observe.SafetyTests.test_core_pair_proof_boundary_and_no_shift_route) ... ok
observer-safety	Test Slot B guards and matched reset pair (no device)	2026-09-21T05:58:04.1081160Z test_exact_images_only (test_observe.SafetyTests.test_exact_images_only) ... ok
observer-safety	Test Slot B guards and matched reset pair (no device)	2026-09-21T05:58:04.1083955Z test_fs_geometry_rejects_inline_windows (test_observe.SafetyTests.test_fs_geometry_rejects_inline_windows) ... ok
observer-safety	Test Slot B guards and matched reset pair (no device)	2026-09-21T05:58:04.1086579Z test_fs_isolation_control_geometry_and_mid_table (test_observe.SafetyTests.test_fs_isolation_control_geometry_and_mid_table) ... ok
observer-safety	Test Slot B guards and matched reset pair (no device)	2026-09-21T05:58:04.1088238Z test_fs_member_full_sha_gates_are_distinct (test_observe.SafetyTests.test_fs_member_full_sha_gates_are_distinct) ... ok
observer-safety	Test Slot B guards and matched reset pair (no device)	2026-09-21T05:58:04.1089848Z test_fs_pair_proof_boundary_and_no_shift_route (test_observe.SafetyTests.test_fs_pair_proof_boundary_and_no_shift_route) ... ok
observer-safety	Test Slot B guards and matched reset pair (no device)	2026-09-21T05:58:04.1091372Z test_invalid_pair_never_proves_entry (test_observe.SafetyTests.test_invalid_pair_never_proves_entry) ... ok
observer-safety	Test Slot B guards and matched reset pair (no device)	2026-09-21T05:58:04.1092691Z test_no_return_blocks_reset1 (test_observe.SafetyTests.test_no_return_blocks_reset1) ... ok
observer-safety	Test Slot B guards and matched reset pair (no device)	2026-09-21T05:58:04.1094116Z test_pair_delta_not_old_slot_a_absolute_timing (test_observe.SafetyTests.test_pair_delta_not_old_slot_a_absolute_timing) ... ok
observer-safety	Test Slot B guards and matched reset pair (no device)	2026-09-21T05:58:04.1104826Z test_pid1_stage_pairs_prove_only_the_selected_entry (test_observe.SafetyTests.test_pid1_stage_pairs_prove_only_the_selected_entry) ... ok
observer-safety	Test Slot B guards and matched reset pair (no device)	2026-09-21T05:58:04.1106591Z test_post39_geometry_and_table_are_frozen (test_observe.SafetyTests.test_post39_geometry_and_table_are_frozen) ... ok
observer-safety	Test Slot B guards and matched reset pair (no device)	2026-09-21T05:58:04.1109442Z test_post39_member_full_sha_gates_and_cross_rejection (test_observe.SafetyTests.test_post39_member_full_sha_gates_and_cross_rejection) ... ok
observer-safety	Test Slot B guards and matched reset pair (no device)	2026-09-21T05:58:04.1110451Z test_post39_pair_proves_only_post39_entry (test_observe.SafetyTests.test_post39_pair_proves_only_post39_entry) ... ok
observer-safety	Test Slot B guards and matched reset pair (no device)	2026-09-21T05:58:04.1111712Z test_post46_geometry_and_table (test_observe.SafetyTests.test_post46_geometry_and_table) ... ok
observer-safety	Test Slot B guards and matched reset pair (no device)	2026-09-21T05:58:04.1112978Z test_post46_pair_proves_only_post46_entry (test_observe.SafetyTests.test_post46_pair_proves_only_post46_entry) ... ok
observer-safety	Test Slot B guards and matched reset pair (no device)	2026-09-21T05:58:04.1114511Z test_recovery_is_not_an_experimental_boot (test_observe.SafetyTests.test_recovery_is_not_an_experimental_boot) ... ok
observer-safety	Test Slot B guards and matched reset pair (no device)	2026-09-21T05:58:04.1119324Z test_rest_origin_must_be_recorded (test_observe.SafetyTests.test_rest_origin_must_be_recorded) ... ok
observer-safety	Test Slot B guards and matched reset pair (no device)	2026-09-21T05:58:04.1120237Z test_rest_pair_proves_entry_only (test_observe.SafetyTests.test_rest_pair_proves_entry_only) ... ok
observer-safety	Test Slot B guards and matched reset pair (no device)	2026-09-21T05:58:04.1122917Z test_second_boot_never_launches (test_observe.SafetyTests.test_second_boot_never_launches) ... ok
observer-safety	Test Slot B guards and matched reset pair (no device)	2026-09-21T05:58:04.1126398Z test_slot_a_never_launches (test_observe.SafetyTests.test_slot_a_never_launches) ... ok
observer-safety	Test Slot B guards and matched reset pair (no device)	2026-09-21T05:58:04.1129553Z test_slot_b_preflight (test_observe.SafetyTests.test_slot_b_preflight) ... ok
observer-safety	Test Slot B guards and matched reset pair (no device)	2026-09-21T05:58:04.1131854Z test_subsys_geometry_rejects_oversize_windows (test_observe.SafetyTests.test_subsys_geometry_rejects_oversize_windows) ... ok
observer-safety	Test Slot B guards and matched reset pair (no device)	2026-09-21T05:58:04.1136598Z test_subsys_member_full_sha_gates_are_distinct (test_observe.SafetyTests.test_subsys_member_full_sha_gates_are_distinct) ... ok
observer-safety	Test Slot B guards and matched reset pair (no device)	2026-09-21T05:58:04.1137913Z test_subsys_pair_proof_boundary_and_no_shift_route (test_observe.SafetyTests.test_subsys_pair_proof_boundary_and_no_shift_route) ... ok
observer-safety	Test Slot B guards and matched reset pair (no device)	2026-09-21T05:58:04.1138962Z test_upper_geometry_and_table_are_frozen (test_observe.SafetyTests.test_upper_geometry_and_table_are_frozen) ... ok
observer-safety	Test Slot B guards and matched reset pair (no device)	2026-09-21T05:58:04.1139808Z test_upper_member_full_sha_gates_and_cross_rejection (test_observe.SafetyTests.test_upper_member_full_sha_gates_and_cross_rejection) ... ok
observer-safety	Test Slot B guards and matched reset pair (no device)	2026-09-21T05:58:04.1140680Z test_upper_pair_proves_only_upper_half_entry (test_observe.SafetyTests.test_upper_pair_proves_only_upper_half_entry) ... ok
observer-safety	Test Slot B guards and matched reset pair (no device)	2026-09-21T05:58:04.1141591Z test_adjacent_bl_sequence_matches_frozen_words (test_post_initcalls.PostInitcallsTests.test_adjacent_bl_sequence_matches_frozen_words) ... ok
observer-safety	Test Slot B guards and matched reset pair (no device)	2026-09-21T05:58:04.1145737Z test_basic_setup_without_initcalls_rejected (test_post_initcalls.PostInitcallsTests.test_basic_setup_without_initcalls_rejected) ... ok
observer-safety	Test Slot B guards and matched reset pair (no device)	2026-09-21T05:58:04.1147517Z test_caller_specific_source_boundary (test_post_initcalls.PostInitcallsTests.test_caller_specific_source_boundary) ... ok
observer-safety	Test Slot B guards and matched reset pair (no device)	2026-09-21T05:58:04.1149115Z test_callsite_geometry_stops_before_live_cold_path (test_post_initcalls.PostInitcallsTests.test_callsite_geometry_stops_before_live_cold_path) ... ok
observer-safety	Test Slot B guards and matched reset pair (no device)	2026-09-21T05:58:04.1150909Z test_delay_pair_retains_psci_and_terminal_loop (test_post_initcalls.PostInitcallsTests.test_delay_pair_retains_psci_and_terminal_loop) ... ok
observer-safety	Test Slot B guards and matched reset pair (no device)	2026-09-21T05:58:04.1152311Z test_enabled_kunit_rejected (test_post_initcalls.PostInitcallsTests.test_enabled_kunit_rejected) ... ok
observer-safety	Test Slot B guards and matched reset pair (no device)	2026-09-21T05:58:04.1153144Z test_incoming_at_checkpoint_start_rejected (test_post_initcalls.PostInitcallsTests.test_incoming_at_checkpoint_start_rejected) ... ok
observer-safety	Test Slot B guards and matched reset pair (no device)	2026-09-21T05:58:04.1154408Z test_incoming_inside_checkpoint_rejected (test_post_initcalls.PostInitcallsTests.test_incoming_inside_checkpoint_rejected) ... ok
observer-safety	Test Slot B guards and matched reset pair (no device)	2026-09-21T05:58:04.1155692Z test_non_linking_predecessor_rejected (test_post_initcalls.PostInitcallsTests.test_non_linking_predecessor_rejected) ... ok
observer-safety	Test Slot B guards and matched reset pair (no device)	2026-09-21T05:58:04.1156657Z test_old_function_entry_checkpoint_rejected (test_post_initcalls.PostInitcallsTests.test_old_function_entry_checkpoint_rejected) ... ok
observer-safety	Test Slot B guards and matched reset pair (no device)	2026-09-21T05:58:04.1157528Z test_return_word_mutation_rejected (test_post_initcalls.PostInitcallsTests.test_return_word_mutation_rejected) ... ok
observer-safety	Test Slot B guards and matched reset pair (no device)	2026-09-21T05:58:04.1158329Z test_source_order_mutation_rejected (test_post_initcalls.PostInitcallsTests.test_source_order_mutation_rejected) ... ok
observer-safety	Test Slot B guards and matched reset pair (no device)	2026-09-21T05:58:04.1176766Z test_wait_56_byte_probe_rejected (test_post_initcalls.PostInitcallsTests.test_wait_56_byte_probe_rejected) ... ok
observer-safety	Test Slot B guards and matched reset pair (no device)	2026-09-21T05:58:04.1177979Z test_wrong_predecessor_callee_rejected (test_post_initcalls.PostInitcallsTests.test_wrong_predecessor_callee_rejected) ... ok
observer-safety	Test Slot B guards and matched reset pair (no device)	2026-09-21T05:58:04.1178907Z test_48b_must_not_fall_back_to_island (test_rootfs_return_isolation.RootfsReturnIsolationTests.test_48b_must_not_fall_back_to_island) ... ok
observer-safety	Test Slot B guards and matched reset pair (no device)	2026-09-21T05:58:04.1179876Z test_bind_post51_frozen_identity (test_rootfs_return_isolation.RootfsReturnIsolationTests.test_bind_post51_frozen_identity) ... ok
observer-safety	Test Slot B guards and matched reset pair (no device)	2026-09-21T05:58:04.1180720Z test_geometry_not_ready (test_rootfs_return_isolation.RootfsReturnIsolationTests.test_geometry_not_ready) ... ok
observer-safety	Test Slot B guards and matched reset pair (no device)	2026-09-21T05:58:04.1181503Z test_negative_fixtures (test_rootfs_return_isolation.RootfsReturnIsolationTests.test_negative_fixtures) ... ok
observer-safety	Test Slot B guards and matched reset pair (no device)	2026-09-21T05:58:04.1203699Z test_payload_words_and_adjacent_do_populate_rootfs (test_rootfs_return_isolation.RootfsReturnIsolationTests.test_payload_words_and_adjacent_do_populate_rootfs) ... ok
observer-safety	Test Slot B guards and matched reset pair (no device)	2026-09-21T05:58:04.1204788Z test_select_return_probe_rejected (test_rootfs_return_isolation.RootfsReturnIsolationTests.test_select_return_probe_rejected) ... ok
observer-safety	Test Slot B guards and matched reset pair (no device)	2026-09-21T05:58:04.1213754Z test_source_async_default_and_gated_wait (test_rootfs_return_isolation.RootfsReturnIsolationTests.test_source_async_default_and_gated_wait) ... ok
observer-safety	Test Slot B guards and matched reset pair (no device)	2026-09-21T05:58:04.1214746Z 
observer-safety	Test Slot B guards and matched reset pair (no device)	2026-09-21T05:58:04.1214935Z ----------------------------------------------------------------------
observer-safety	Test Slot B guards and matched reset pair (no device)	2026-09-21T05:58:04.1215731Z Ran 561 tests in 109.039s
observer-safety	Test Slot B guards and matched reset pair (no device)	2026-09-21T05:58:04.1215966Z 
observer-safety	Test Slot B guards and matched reset pair (no device)	2026-09-21T05:58:04.1216064Z OK (skipped=14)
observer-safety	Test Slot B guards and matched reset pair (no device)	2026-09-21T05:58:04.1469170Z SLOT_A_REJECTED=PASS
observer-safety	Test Slot B guards and matched reset pair (no device)	2026-09-21T05:58:04.1469528Z SECOND_BOOT_REJECTED=PASS
observer-safety	Test Slot B guards and matched reset pair (no device)	2026-09-21T05:58:04.1469791Z DEVICE_OPERATION=NO
observer-safety	Run actions/upload-artifact@v4	﻿2026-09-21T05:58:04.1541767Z Node 20 is being deprecated. This workflow is running with Node 24 by default. If you need to temporarily use Node 20, you can set the ACTIONS_ALLOW_USE_UNSECURE_NODE_VERSION=true environment variable. For more information see: https://github.blog/changelog/2025-09-19-deprecation-of-node-20-on-github-actions-runners/
observer-safety	Run actions/upload-artifact@v4	2026-09-21T05:58:04.1543411Z ##[group]Run actions/upload-artifact@v4
observer-safety	Run actions/upload-artifact@v4	2026-09-21T05:58:04.1543674Z with:
observer-safety	Run actions/upload-artifact@v4	2026-09-21T05:58:04.1543883Z   name: slot-b-observer-safety
observer-safety	Run actions/upload-artifact@v4	2026-09-21T05:58:04.1544130Z   if-no-files-found: error
observer-safety	Run actions/upload-artifact@v4	2026-09-21T05:58:04.1544500Z   path: observer-tests.txt
observer-safety	Run actions/upload-artifact@v4	observer-source-sha256.txt
observer-safety	Run actions/upload-artifact@v4	observer-gate.txt
observer-safety	Run actions/upload-artifact@v4	
observer-safety	Run actions/upload-artifact@v4	2026-09-21T05:58:04.1544892Z   compression-level: 6
observer-safety	Run actions/upload-artifact@v4	2026-09-21T05:58:04.1545106Z   overwrite: false
observer-safety	Run actions/upload-artifact@v4	2026-09-21T05:58:04.1545589Z   include-hidden-files: false
observer-safety	Run actions/upload-artifact@v4	2026-09-21T05:58:04.1545869Z ##[endgroup]
observer-safety	Run actions/upload-artifact@v4	2026-09-21T05:58:04.3296018Z (node:2403) [DEP0040] DeprecationWarning: The `punycode` module is deprecated. Please use a userland alternative instead.
observer-safety	Run actions/upload-artifact@v4	2026-09-21T05:58:04.3296967Z (Use `node --trace-deprecation ...` to show where the warning was created)
observer-safety	Run actions/upload-artifact@v4	2026-09-21T05:58:04.3446541Z Multiple search paths detected. Calculating the least common ancestor of all paths
observer-safety	Run actions/upload-artifact@v4	2026-09-21T05:58:04.3516802Z The least common ancestor is /home/runner/work/xiaomi10s/xiaomi10s. This will be the root directory of the artifact
observer-safety	Run actions/upload-artifact@v4	2026-09-21T05:58:04.3517519Z With the provided path, there will be 3 files uploaded
observer-safety	Run actions/upload-artifact@v4	2026-09-21T05:58:04.3518111Z Artifact name is valid!
observer-safety	Run actions/upload-artifact@v4	2026-09-21T05:58:04.3518368Z Root directory input is valid!
observer-safety	Run actions/upload-artifact@v4	2026-09-21T05:58:04.5672043Z Beginning upload of artifact content to blob storage
observer-safety	Run actions/upload-artifact@v4	2026-09-21T05:58:04.5920964Z (node:2403) [DEP0169] DeprecationWarning: `url.parse()` behavior is not standardized and prone to errors that have security implications. Use the WHATWG URL API instead. CVEs are not issued for `url.parse()` vulnerabilities.
observer-safety	Run actions/upload-artifact@v4	2026-09-21T05:58:04.6141175Z Uploaded bytes 10208
observer-safety	Run actions/upload-artifact@v4	2026-09-21T05:58:04.6276607Z Finished uploading artifact content to blob storage!
observer-safety	Run actions/upload-artifact@v4	2026-09-21T05:58:04.6277924Z SHA256 digest of uploaded artifact zip is c8a557cdf629fabc8ddfeca2f8c2ead25317372c494bf186bb0f769186608318
observer-safety	Run actions/upload-artifact@v4	2026-09-21T05:58:04.6279945Z Finalizing artifact upload
observer-safety	Run actions/upload-artifact@v4	2026-09-21T05:58:04.8390165Z Artifact slot-b-observer-safety.zip successfully finalized. Artifact ID 10624293322
observer-safety	Run actions/upload-artifact@v4	2026-09-21T05:58:04.8391512Z Artifact slot-b-observer-safety has been successfully uploaded! Final size is 10208 bytes. Artifact ID is 10624293322
observer-safety	Run actions/upload-artifact@v4	2026-09-21T05:58:04.8397277Z Artifact download URL: https://github.com/ChuenSan/xiaomi10s/actions/runs/35566401477/artifacts/10624293322
observer-safety	Post Run actions/checkout@v4	﻿2026-09-21T05:58:04.8627645Z Node 20 is being deprecated. This workflow is running with Node 24 by default. If you need to temporarily use Node 20, you can set the ACTIONS_ALLOW_USE_UNSECURE_NODE_VERSION=true environment variable. For more information see: https://github.blog/changelog/2025-09-19-deprecation-of-node-20-on-github-actions-runners/
observer-safety	Post Run actions/checkout@v4	2026-09-21T05:58:04.8628931Z Post job cleanup.
observer-safety	Post Run actions/checkout@v4	2026-09-21T05:58:04.9560945Z [command]/usr/bin/git version
observer-safety	Post Run actions/checkout@v4	2026-09-21T05:58:04.9606573Z git version 2.55.0
observer-safety	Post Run actions/checkout@v4	2026-09-21T05:58:04.9649687Z Temporarily overriding HOME='/home/runner/work/_temp/9bb8000e-adae-4ffe-aca2-afaf032aa3a9' before making global git config changes
observer-safety	Post Run actions/checkout@v4	2026-09-21T05:58:04.9651147Z Adding repository directory to the temporary git global config as a safe directory
observer-safety	Post Run actions/checkout@v4	2026-09-21T05:58:04.9657187Z [command]/usr/bin/git config --global --add safe.directory /home/runner/work/xiaomi10s/xiaomi10s
observer-safety	Post Run actions/checkout@v4	2026-09-21T05:58:04.9699445Z [command]/usr/bin/git config --local --name-only --get-regexp core\.sshCommand
observer-safety	Post Run actions/checkout@v4	2026-09-21T05:58:04.9736580Z [command]/usr/bin/git submodule foreach --recursive sh -c "git config --local --name-only --get-regexp 'core\.sshCommand' && git config --local --unset-all 'core.sshCommand' || :"
observer-safety	Post Run actions/checkout@v4	2026-09-21T05:58:04.9985713Z [command]/usr/bin/git config --local --name-only --get-regexp http\.https\:\/\/github\.com\/\.extraheader
observer-safety	Post Run actions/checkout@v4	2026-09-21T05:58:05.0039688Z [command]/usr/bin/git submodule foreach --recursive sh -c "git config --local --name-only --get-regexp 'http\.https\:\/\/github\.com\/\.extraheader' && git config --local --unset-all 'http.https://github.com/.extraheader' || :"
observer-safety	Post Run actions/checkout@v4	2026-09-21T05:58:05.0319024Z [command]/usr/bin/git config --local --name-only --get-regexp ^includeIf\.gitdir:
observer-safety	Post Run actions/checkout@v4	2026-09-21T05:58:05.0366191Z [command]/usr/bin/git submodule foreach --recursive git config --local --show-origin --name-only --get-regexp remote.origin.url
observer-safety	Complete job	﻿2026-09-21T05:58:05.0801067Z Cleaning up orphan processes
observer-safety	Complete job	2026-09-21T05:58:05.1121230Z ##[warning]Node.js 20 is deprecated. The following actions target Node.js 20 but are being forced to run on Node.js 24: actions/checkout@v4, actions/upload-artifact@v4. For more information see: https://github.blog/changelog/2025-09-19-deprecation-of-node-20-on-github-actions-runners/
